bearing_deg	x_m	z_m	slack_rim_border_m	hit_rim_border	slack_scatter_rock_m	hit_scatter_rock	slack_other_solids_m	hit_any_solid	slack_all_discs_m	hit_band	crest_r_m	wall_h_m
0.0	112.00	0.00	-0.000	1	17.099	0	12.914	1	-0.000	1	132.00	12.46
0.1	112.00	0.20	0.005	1	17.285	0	13.070	1	0.005	1	132.00	12.46
0.2	112.00	0.39	0.022	1	17.471	0	13.181	1	0.022	1	132.00	12.46
0.3	112.00	0.59	0.049	1	17.657	0	13.293	1	0.049	1	132.00	12.46
0.4	112.00	0.78	0.087	1	17.843	0	13.407	1	0.087	1	132.00	12.46
0.5	112.00	0.98	0.134	1	18.029	0	13.522	1	0.134	1	132.00	12.46
0.6	111.99	1.17	0.192	1	18.216	0	13.628	1	0.192	1	132.00	12.46
0.7	111.99	1.37	0.259	1	18.402	0	13.728	1	0.259	1	132.00	12.46
0.8	111.99	1.56	0.335	1	18.589	0	13.830	1	0.335	1	132.00	12.46
0.9	111.99	1.76	0.419	1	18.775	0	13.933	1	0.419	1	132.00	12.46
1.0	111.98	1.95	0.511	1	18.962	0	14.037	1	0.511	1	132.00	11.65
1.1	111.98	2.15	0.611	1	19.149	0	14.143	1	0.611	1	132.00	11.65
1.2	111.98	2.35	0.717	1	19.336	0	14.251	1	0.717	1	132.00	11.65
1.3	111.97	2.54	0.830	1	19.523	0	14.359	1	0.830	1	132.00	11.65
1.4	111.97	2.74	0.789	1	19.710	0	14.470	1	0.789	1	132.00	11.65
1.5	111.96	2.93	0.678	1	19.897	0	14.581	1	0.678	1	132.00	11.65
1.6	111.96	3.13	0.574	1	20.084	0	14.694	1	0.574	1	132.00	11.65
1.7	111.95	3.32	0.477	1	20.271	0	14.808	1	0.477	1	132.00	11.65
1.8	111.94	3.52	0.387	1	20.458	0	14.923	1	0.387	1	132.00	11.65
1.9	111.94	3.71	0.305	1	20.544	0	15.040	1	0.305	1	132.00	11.65
2.0	111.93	3.91	0.232	1	20.590	0	15.158	1	0.232	1	131.75	10.46
2.1	111.92	4.10	0.168	1	20.638	0	15.277	1	0.168	1	131.75	10.46
2.2	111.92	4.30	0.113	1	20.686	0	15.397	1	0.113	1	131.75	10.46
2.3	111.91	4.49	0.069	1	20.737	0	15.519	1	0.069	1	131.75	10.46
2.4	111.90	4.69	0.034	1	20.788	0	15.641	1	0.034	1	131.75	10.46
2.5	111.89	4.89	0.011	1	20.840	0	15.765	1	0.011	1	131.75	10.46
2.6	111.88	5.08	-0.002	1	20.894	0	15.889	1	-0.002	1	131.75	10.46
2.7	111.88	5.28	-0.004	1	20.950	0	16.015	1	-0.004	1	131.75	10.46
2.8	111.87	5.47	0.005	1	21.006	0	16.141	1	0.005	1	131.75	10.46
2.9	111.86	5.67	0.025	1	21.064	0	16.269	1	0.025	1	131.75	10.46
3.0	111.85	5.86	0.055	1	21.080	0	16.398	1	0.055	1	131.50	9.28
3.1	111.84	6.06	0.096	1	21.067	0	16.527	1	0.096	1	131.50	9.28
3.2	111.83	6.25	0.148	1	21.055	0	16.658	1	0.148	1	131.50	9.28
3.3	111.81	6.45	0.208	1	21.045	0	16.789	1	0.208	1	131.50	9.28
3.4	111.80	6.64	0.278	1	21.037	0	16.921	1	0.278	1	131.50	9.28
3.5	111.79	6.84	0.357	1	21.029	0	17.054	1	0.357	1	131.50	9.28
3.6	111.78	7.03	0.444	1	21.024	0	17.188	1	0.444	1	131.50	9.28
3.7	111.77	7.23	0.539	1	21.019	0	17.323	1	0.539	1	131.50	9.28
3.8	111.75	7.42	0.641	1	21.016	0	17.459	1	0.641	1	131.50	9.28
3.9	111.74	7.62	0.749	1	21.015	0	17.595	1	0.749	1	131.50	9.28
4.0	111.73	7.81	0.864	1	21.014	0	17.733	1	0.864	1	131.50	8.32
4.1	111.71	8.01	0.758	1	21.016	0	17.871	1	0.758	1	131.50	8.32
4.2	111.70	8.20	0.649	1	21.018	0	18.009	1	0.649	1	131.50	8.32
4.3	111.68	8.40	0.547	1	21.023	0	18.149	1	0.547	1	131.50	8.32
4.4	111.67	8.59	0.452	1	21.028	0	18.289	1	0.452	1	131.50	8.32
4.5	111.65	8.79	0.365	1	21.035	0	18.430	1	0.365	1	131.50	8.32
4.6	111.64	8.98	0.286	1	21.043	0	18.571	1	0.286	1	131.50	8.32
4.7	111.62	9.18	0.216	1	21.053	0	18.714	1	0.216	1	131.50	8.32
4.8	111.61	9.37	0.155	1	21.064	0	18.857	1	0.155	1	131.50	8.32
4.9	111.59	9.57	0.103	1	21.077	0	19.000	1	0.103	1	131.50	8.32
5.0	111.57	9.76	0.062	1	21.091	0	19.144	1	0.062	1	131.75	7.69
5.1	111.56	9.96	0.031	1	21.107	0	19.289	1	0.031	1	131.75	7.69
5.2	111.54	10.15	0.011	1	21.123	0	19.434	1	0.011	1	131.75	7.69
5.3	111.52	10.35	0.002	1	21.142	0	19.580	1	0.002	1	131.75	7.69
5.4	111.50	10.54	0.003	1	21.161	0	19.727	1	0.003	1	131.75	7.69
5.5	111.48	10.73	0.016	1	21.182	0	19.874	1	0.016	1	131.75	7.69
5.6	111.47	10.93	0.039	1	21.205	0	20.021	1	0.039	1	131.75	7.69
5.7	111.45	11.12	0.073	1	21.229	0	20.170	1	0.073	1	131.75	7.69
5.8	111.43	11.32	0.117	1	21.254	0	20.318	1	0.117	1	131.75	7.69
5.9	111.41	11.51	0.171	1	21.281	0	20.467	1	0.171	1	131.75	7.69
6.0	111.39	11.71	0.235	1	21.309	0	20.617	1	0.235	1	132.25	7.16
6.1	111.37	11.90	0.308	1	21.338	0	20.767	1	0.308	1	132.25	7.16
6.2	111.34	12.10	0.389	1	21.369	0	20.918	1	0.389	1	132.25	7.16
6.3	111.32	12.29	0.478	1	21.401	0	21.069	1	0.478	1	132.25	7.16
6.4	111.30	12.48	0.575	1	21.434	0	21.090	1	0.575	1	132.25	7.16
6.5	111.28	12.68	0.679	1	21.469	0	20.905	1	0.679	1	132.25	7.16
6.6	111.26	12.87	0.790	1	21.505	0	20.720	1	0.790	1	132.25	7.16
6.7	111.24	13.07	0.827	1	21.542	0	20.536	1	0.827	1	132.25	7.16
6.8	111.21	13.26	0.715	1	21.581	0	20.351	1	0.715	1	132.25	7.16
6.9	111.19	13.46	0.608	1	21.621	0	20.166	1	0.608	1	132.25	7.16
7.0	111.17	13.65	0.508	1	21.663	0	19.982	1	0.508	1	132.50	6.45
7.1	111.14	13.84	0.416	1	21.705	0	19.797	1	0.416	1	132.50	6.45
7.2	111.12	14.04	0.332	1	21.749	0	19.613	1	0.332	1	132.50	6.45
7.3	111.09	14.23	0.255	1	21.794	0	19.429	1	0.255	1	132.50	6.45
7.4	111.07	14.43	0.188	1	21.841	0	19.245	1	0.188	1	132.50	6.45
7.5	111.04	14.62	0.130	1	21.889	0	19.060	1	0.130	1	132.50	6.45
7.6	111.02	14.81	0.082	1	21.938	0	18.877	1	0.082	1	132.50	6.45
7.7	110.99	15.01	0.045	1	21.988	0	18.693	1	0.045	1	132.50	6.45
7.8	110.96	15.20	0.017	1	22.040	0	18.509	1	0.017	1	132.50	6.45
7.9	110.94	15.39	0.001	1	22.092	0	18.325	1	0.001	1	132.50	6.45
8.0	110.91	15.59	-0.005	1	22.146	0	18.142	1	-0.005	1	132.50	5.24
8.1	110.88	15.78	0.001	1	22.202	0	17.959	1	0.001	1	132.50	5.24
8.2	110.85	15.97	0.017	1	22.258	0	17.775	1	0.017	1	132.50	5.24
8.3	110.83	16.17	0.044	1	22.316	0	17.592	1	0.044	1	132.50	5.24
8.4	110.80	16.36	0.082	1	22.375	0	17.409	1	0.082	1	132.50	5.24
8.5	110.77	16.55	0.129	1	22.435	0	17.227	1	0.129	1	132.50	5.24
8.6	110.74	16.75	0.187	1	22.496	0	17.044	1	0.187	1	132.50	5.24
8.7	110.71	16.94	0.254	1	22.558	0	16.861	1	0.254	1	132.50	5.24
8.8	110.68	17.13	0.330	1	22.622	0	16.679	1	0.330	1	132.50	5.24
8.9	110.65	17.33	0.414	1	22.686	0	16.497	1	0.414	1	132.50	5.24
9.0	110.62	17.52	0.506	1	22.752	0	16.315	1	0.506	1	129.75	5.18
9.1	110.59	17.71	0.606	1	22.819	0	16.133	1	0.606	1	129.75	5.18
9.2	110.56	17.91	0.712	1	22.887	0	15.952	1	0.712	1	129.75	5.18
9.3	110.53	18.10	0.825	1	22.956	0	15.770	1	0.825	1	129.75	5.18
9.4	110.50	18.29	0.792	1	23.027	0	15.589	1	0.792	1	129.75	5.18
9.5	110.46	18.49	0.681	1	23.098	0	15.408	1	0.681	1	129.75	5.18
9.6	110.43	18.68	0.577	1	23.170	0	15.227	1	0.577	1	129.75	5.18
9.7	110.40	18.87	0.480	1	23.244	0	15.047	1	0.480	1	129.75	5.18
9.8	110.37	19.06	0.390	1	23.318	0	14.866	1	0.390	1	129.75	5.18
9.9	110.33	19.26	0.308	1	23.394	0	14.686	1	0.308	1	129.75	5.18
10.0	110.30	19.45	0.235	1	23.470	0	14.507	1	0.235	1	132.25	5.38
10.1	110.26	19.64	0.171	1	23.548	0	14.327	1	0.171	1	132.25	5.38
10.2	110.23	19.83	0.116	1	23.627	0	14.148	1	0.116	1	132.25	5.38
10.3	110.20	20.03	0.072	1	23.706	0	13.969	1	0.072	1	132.25	5.38
10.4	110.16	20.22	0.037	1	23.787	0	13.790	1	0.037	1	132.25	5.38
10.5	110.12	20.41	0.014	1	23.869	0	13.612	1	0.014	1	132.25	5.38
10.6	110.09	20.60	0.001	1	23.951	0	13.433	1	0.001	1	132.25	5.38
10.7	110.05	20.79	-0.001	1	23.869	0	13.256	1	-0.001	1	132.25	5.38
10.8	110.02	20.99	0.008	1	23.685	0	13.078	1	0.008	1	132.25	5.38
10.9	109.98	21.18	0.027	1	23.502	0	12.901	1	0.027	1	132.25	5.38
11.0	109.94	21.37	0.058	1	23.318	0	12.725	1	0.058	1	132.50	6.01
11.1	109.90	21.56	0.099	1	23.135	0	12.548	1	0.099	1	132.50	6.01
11.2	109.87	21.75	0.150	1	22.952	0	12.372	1	0.150	1	132.50	6.01
11.3	109.83	21.95	0.210	1	22.768	0	12.197	1	0.210	1	132.50	6.01
11.4	109.79	22.14	0.280	1	22.585	0	12.022	1	0.280	1	132.50	6.01
11.5	109.75	22.33	0.359	1	22.402	0	11.847	1	0.359	1	132.50	6.01
11.6	109.71	22.52	0.446	1	22.219	0	11.673	1	0.446	1	132.50	6.01
11.7	109.67	22.71	0.540	1	22.036	0	11.500	1	0.540	1	132.50	6.01
11.8	109.63	22.90	0.642	1	21.853	0	11.327	1	0.642	1	132.50	6.01
11.9	109.59	23.09	0.751	1	21.671	0	11.154	1	0.751	1	132.50	6.01
12.0	109.55	23.29	0.865	1	21.488	0	10.982	1	0.865	1	132.75	6.86
12.1	109.51	23.48	0.752	1	21.306	0	10.811	1	0.752	1	132.75	6.86
12.2	109.47	23.67	0.643	1	21.123	0	10.640	1	0.643	1	132.75	6.86
12.3	109.43	23.86	0.541	1	20.941	0	10.470	1	0.541	1	132.75	6.86
12.4	109.39	24.05	0.447	1	20.759	0	10.301	1	0.447	1	132.75	6.86
12.5	109.35	24.24	0.360	1	20.577	0	10.132	1	0.360	1	132.75	6.86
12.6	109.30	24.43	0.281	1	20.395	0	9.965	1	0.281	1	132.75	6.86
12.7	109.26	24.62	0.210	1	20.213	0	9.798	1	0.210	1	132.75	6.86
12.8	109.22	24.81	0.150	1	20.031	0	9.631	1	0.150	1	132.75	6.86
12.9	109.17	25.00	0.098	1	19.850	0	9.466	1	0.098	1	132.75	6.86
13.0	109.13	25.19	0.057	1	19.668	0	9.302	1	0.057	1	133.25	7.77
13.1	109.09	25.38	0.026	1	19.487	0	9.138	1	0.026	1	133.25	7.77
13.2	109.04	25.58	0.006	1	19.306	0	8.976	1	0.006	1	133.25	7.77
13.3	109.00	25.77	-0.003	1	19.125	0	8.815	1	-0.003	1	133.25	7.77
13.4	108.95	25.96	-0.001	1	18.944	0	8.655	1	-0.001	1	133.25	7.77
13.5	108.91	26.15	0.011	1	18.763	0	8.496	1	0.011	1	133.25	7.77
13.6	108.86	26.34	0.035	1	18.582	0	8.338	1	0.035	1	133.25	7.77
13.7	108.81	26.53	0.069	1	18.402	0	8.182	1	0.069	1	133.25	7.77
13.8	108.77	26.72	0.113	1	18.222	0	8.027	1	0.113	1	133.25	7.77
13.9	108.72	26.91	0.168	1	18.042	0	7.874	1	0.168	1	133.25	7.77
14.0	108.67	27.10	0.232	1	17.862	0	7.722	1	0.232	1	133.50	8.53
14.1	108.63	27.28	0.305	1	17.682	0	7.572	1	0.305	1	133.50	8.53
14.2	108.58	27.47	0.386	1	17.503	0	7.423	1	0.386	1	133.50	8.53
14.3	108.53	27.66	0.476	1	17.323	0	7.277	1	0.476	1	133.50	8.53
14.4	108.48	27.85	0.573	1	17.144	0	7.132	1	0.573	1	133.50	8.53
14.5	108.43	28.04	0.677	1	16.965	0	6.990	1	0.677	1	133.50	8.53
14.6	108.38	28.23	0.788	1	16.787	0	6.850	1	0.788	1	133.50	8.53
14.7	108.33	28.42	0.826	1	16.608	0	6.712	1	0.826	1	133.50	8.53
14.8	108.28	28.61	0.713	1	16.430	0	6.577	1	0.713	1	133.50	8.53
14.9	108.23	28.80	0.607	1	16.252	0	6.444	1	0.607	1	133.50	8.53
15.0	108.18	28.99	0.508	1	16.074	0	6.314	1	0.508	1	133.50	8.61
15.1	108.13	29.18	0.415	1	15.897	0	6.187	1	0.415	1	133.50	8.61
15.2	108.08	29.37	0.331	1	15.720	0	6.063	1	0.331	1	133.50	8.61
15.3	108.03	29.55	0.255	1	15.543	0	5.943	1	0.255	1	133.50	8.61
15.4	107.98	29.74	0.188	1	15.366	0	5.826	1	0.188	1	133.50	8.61
15.5	107.93	29.93	0.131	1	15.190	0	5.713	1	0.131	1	133.50	8.61
15.6	107.87	30.12	0.083	1	15.014	0	5.603	1	0.083	1	133.50	8.61
15.7	107.82	30.31	0.046	1	14.838	0	5.498	1	0.046	1	133.50	8.61
15.8	107.77	30.50	0.019	1	14.663	0	5.397	1	0.019	1	133.50	8.61
15.9	107.72	30.68	0.003	1	14.488	0	5.301	1	0.003	1	133.50	8.61
16.0	107.66	30.87	-0.003	1	14.313	0	5.209	1	-0.003	1	132.25	6.02
16.1	107.61	31.06	0.003	1	14.139	0	5.123	1	0.003	1	132.25	6.02
16.2	107.55	31.25	0.019	1	13.965	0	5.042	1	0.019	1	132.25	6.02
16.3	107.50	31.43	0.047	1	13.792	0	4.966	1	0.047	1	132.25	6.02
16.4	107.44	31.62	0.085	1	13.619	0	4.897	1	0.085	1	132.25	6.02
16.5	107.39	31.81	0.133	1	13.446	0	4.833	1	0.133	1	132.25	6.02
16.6	107.33	32.00	0.190	1	13.274	0	4.775	1	0.190	1	132.25	6.02
16.7	107.28	32.18	0.258	1	13.102	0	4.724	1	0.258	1	132.25	6.02
16.8	107.22	32.37	0.334	1	12.931	0	4.680	1	0.334	1	132.25	6.02
16.9	107.16	32.56	0.418	1	12.760	0	4.642	1	0.418	1	132.25	6.02
17.0	107.11	32.75	0.510	1	12.590	0	4.611	1	0.510	1	127.50	4.12
17.1	107.05	32.93	0.610	1	12.420	0	4.588	1	0.610	1	127.50	4.12
17.2	106.99	33.12	0.717	1	12.251	0	4.571	1	0.717	1	127.50	4.12
17.3	106.93	33.31	0.829	1	12.083	0	4.562	1	0.829	1	127.50	4.12
17.4	106.87	33.49	0.793	1	11.915	0	4.560	1	0.793	1	127.50	4.12
17.5	106.82	33.68	0.682	1	11.748	0	4.565	1	0.682	1	127.50	4.12
17.6	106.76	33.87	0.578	1	11.581	0	4.571	1	0.578	1	127.50	4.12
17.7	106.70	34.05	0.481	1	11.415	0	4.563	1	0.481	1	127.50	4.12
17.8	106.64	34.24	0.392	1	11.250	0	4.562	1	0.392	1	127.50	4.12
17.9	106.58	34.42	0.310	1	11.086	0	4.569	1	0.310	1	127.50	4.12
18.0	106.52	34.61	0.237	1	10.922	0	4.568	1	0.237	1	128.25	4.32
18.1	106.46	34.80	0.173	1	10.759	0	4.560	1	0.173	1	128.25	4.32
18.2	106.40	34.98	0.119	1	10.597	0	4.561	1	0.119	1	128.25	4.32
18.3	106.34	35.17	0.074	1	10.436	0	4.568	1	0.074	1	128.25	4.32
18.4	106.27	35.35	0.040	1	10.276	0	4.583	1	0.040	1	128.25	4.32
18.5	106.21	35.54	0.016	1	10.117	0	4.605	1	0.016	1	128.25	4.32
18.6	106.15	35.72	0.004	1	9.959	0	4.634	1	0.004	1	128.25	4.32
18.7	106.09	35.91	0.002	1	9.802	0	4.670	1	0.002	1	128.25	4.32
18.8	106.02	36.09	0.011	1	9.646	0	4.713	1	0.011	1	128.25	4.32
18.9	105.96	36.28	0.031	1	9.481	0	4.762	1	0.031	1	128.25	4.32
19.0	105.90	36.46	0.061	1	9.315	0	4.818	1	0.061	1	127.00	4.58
19.1	105.83	36.65	0.102	1	9.151	0	4.881	1	0.102	1	127.00	4.58
19.2	105.77	36.83	0.154	1	8.987	0	4.949	1	0.154	1	127.00	4.58
19.3	105.71	37.02	0.214	1	8.824	0	5.023	1	0.214	1	127.00	4.58
19.4	105.64	37.20	0.284	1	8.662	0	5.103	1	0.284	1	127.00	4.58
19.5	105.58	37.39	0.363	1	8.502	0	5.188	1	0.363	1	127.00	4.58
19.6	105.51	37.57	0.450	1	8.342	0	5.279	1	0.450	1	127.00	4.58
19.7	105.44	37.75	0.545	1	8.184	0	5.374	1	0.545	1	127.00	4.58
19.8	105.38	37.94	0.646	1	8.027	0	5.474	1	0.646	1	127.00	4.58
19.9	105.31	38.12	0.755	1	7.871	0	5.578	1	0.755	1	127.00	4.58
20.0	105.25	38.31	0.866	1	7.717	0	5.686	1	0.866	1	125.75	5.08
20.1	105.18	38.49	0.751	1	7.565	0	5.799	1	0.751	1	125.75	5.08
20.2	105.11	38.67	0.643	1	7.413	0	5.915	1	0.643	1	125.75	5.08
20.3	105.04	38.86	0.541	1	7.264	0	6.034	1	0.541	1	125.75	5.08
20.4	104.98	39.04	0.446	1	7.117	0	6.157	1	0.446	1	125.75	5.08
20.5	104.91	39.22	0.360	1	6.971	0	6.284	1	0.360	1	125.75	5.08
20.6	104.84	39.41	0.281	1	6.827	0	6.413	1	0.281	1	125.75	5.08
20.7	104.77	39.59	0.211	1	6.686	0	6.545	1	0.211	1	125.75	5.08
20.8	104.70	39.77	0.151	1	6.547	0	6.547	1	0.151	1	125.75	5.08
20.9	104.63	39.95	0.100	1	6.410	0	6.410	1	0.100	1	125.75	5.08
21.0	104.56	40.14	0.059	1	6.276	0	6.276	1	0.059	1	126.25	5.68
21.1	104.49	40.32	0.028	1	6.144	0	6.144	1	0.028	1	126.25	5.68
21.2	104.42	40.50	0.009	1	6.015	0	6.015	1	0.009	1	126.25	5.68
21.3	104.35	40.68	-0.000	1	5.890	0	5.890	1	-0.000	1	126.25	5.68
21.4	104.28	40.87	0.002	1	5.767	0	5.767	1	0.002	1	126.25	5.68
21.5	104.21	41.05	0.015	1	5.648	0	5.648	1	0.015	1	126.25	5.68
21.6	104.13	41.23	0.039	1	5.532	0	5.532	1	0.039	1	126.25	5.68
21.7	104.06	41.41	0.073	1	5.420	0	5.420	1	0.073	1	126.25	5.68
21.8	103.99	41.59	0.118	1	5.308	0	5.308	1	0.118	1	126.25	5.68
21.9	103.92	41.77	0.172	1	5.200	0	5.200	1	0.172	1	126.25	5.68
22.0	103.84	41.96	0.237	1	5.096	0	5.096	1	0.237	1	127.50	6.54
22.1	103.77	42.14	0.310	1	4.997	0	4.997	1	0.310	1	127.50	6.54
22.2	103.70	42.32	0.392	1	4.901	0	4.901	1	0.392	1	127.50	6.54
22.3	103.62	42.50	0.481	1	4.811	0	4.811	1	0.481	1	127.50	6.54
22.4	103.55	42.68	0.579	1	4.726	0	4.726	1	0.579	1	127.50	6.54
22.5	103.47	42.86	0.683	1	4.645	0	4.645	1	0.683	1	127.50	6.54
22.6	103.40	43.04	0.794	1	4.570	0	4.570	1	0.794	1	127.50	6.54
22.7	103.32	43.22	0.833	1	4.493	0	4.493	1	0.833	1	127.50	6.54
22.8	103.25	43.40	0.721	1	4.410	0	4.410	1	0.721	1	127.50	6.54
22.9	103.17	43.58	0.614	1	4.333	0	4.333	1	0.614	1	127.50	6.54
23.0	103.10	43.76	0.515	1	4.262	0	4.262	1	0.515	1	131.00	6.86
23.1	103.02	43.94	0.423	1	4.197	0	4.197	1	0.423	1	131.00	6.86
23.2	102.94	44.12	0.339	1	4.139	0	4.139	1	0.339	1	131.00	6.86
23.3	102.87	44.30	0.263	1	4.088	0	4.088	1	0.263	1	131.00	6.86
23.4	102.79	44.48	0.196	1	4.044	0	4.044	1	0.196	1	131.00	6.86
23.5	102.71	44.66	0.138	1	4.007	0	4.007	1	0.138	1	131.00	6.86
23.6	102.63	44.84	0.091	1	3.977	0	3.977	1	0.091	1	131.00	6.86
23.7	102.55	45.02	0.053	1	3.955	0	3.955	1	0.053	1	131.00	6.86
23.8	102.48	45.20	0.026	1	3.941	0	3.941	1	0.026	1	131.00	6.86
23.9	102.40	45.38	0.010	1	3.935	0	3.935	1	0.010	1	131.00	6.86
24.0	102.32	45.55	0.004	1	3.936	0	3.936	1	0.004	1	133.50	6.81
24.1	102.24	45.73	0.010	1	3.945	0	3.945	1	0.010	1	133.50	6.81
24.2	102.16	45.91	0.026	1	3.962	0	3.962	1	0.026	1	133.50	6.81
24.3	102.08	46.09	0.053	1	3.986	0	3.986	1	0.053	1	133.50	6.81
24.4	102.00	46.27	0.091	1	4.019	0	4.019	1	0.091	1	133.50	6.81
24.5	101.92	46.45	0.139	1	4.058	0	4.058	1	0.139	1	133.50	6.81
24.6	101.83	46.62	0.196	1	4.105	0	4.105	1	0.196	1	133.50	6.81
24.7	101.75	46.80	0.263	1	4.158	0	4.158	1	0.263	1	133.50	6.81
24.8	101.67	46.98	0.339	1	4.219	0	4.219	1	0.339	1	133.50	6.81
24.9	101.59	47.16	0.423	1	4.286	0	4.286	1	0.423	1	133.50	6.81
25.0	101.51	47.33	0.515	1	4.359	0	4.359	1	0.515	1	134.75	6.53
25.1	101.42	47.51	0.615	1	4.438	0	4.438	1	0.615	1	134.75	6.53
25.2	101.34	47.69	0.721	1	4.523	0	4.523	1	0.721	1	134.75	6.53
25.3	101.26	47.86	0.834	1	4.614	0	4.614	1	0.834	1	134.75	6.53
25.4	101.17	48.04	0.789	1	4.710	0	4.710	1	0.789	1	134.75	6.53
25.5	101.09	48.22	0.678	1	4.810	0	4.810	1	0.678	1	134.75	6.53
25.6	101.01	48.39	0.574	1	4.916	0	4.916	1	0.574	1	134.75	6.53
25.7	100.92	48.57	0.477	1	5.025	0	5.025	1	0.477	1	134.75	6.53
25.8	100.84	48.75	0.387	1	5.139	0	5.139	1	0.387	1	134.75	6.53
25.9	100.75	48.92	0.305	1	5.257	0	5.257	1	0.305	1	134.75	6.53
26.0	100.66	49.10	0.232	1	5.378	0	5.378	1	0.232	1	135.00	6.03
26.1	100.58	49.27	0.168	1	5.503	0	5.503	1	0.168	1	135.00	6.03
26.2	100.49	49.45	0.114	1	5.632	0	5.632	1	0.114	1	135.00	6.03
26.3	100.41	49.62	0.069	1	5.763	0	5.763	1	0.069	1	135.00	6.03
26.4	100.32	49.80	0.035	1	5.897	0	5.897	1	0.035	1	135.00	6.03
26.5	100.23	49.97	0.011	1	6.034	0	6.034	1	0.011	1	135.00	6.03
26.6	100.15	50.15	-0.002	1	6.174	0	6.174	1	-0.002	1	135.00	6.03
26.7	100.06	50.32	-0.003	1	6.316	0	6.316	1	-0.003	1	135.00	6.03
26.8	99.97	50.50	0.006	1	6.460	0	6.460	1	0.006	1	135.00	6.03
26.9	99.88	50.67	0.026	1	6.606	0	6.606	1	0.026	1	135.00	6.03
27.0	99.79	50.85	0.056	1	6.755	0	6.755	1	0.056	1	135.25	5.74
27.1	99.70	51.02	0.097	1	6.905	0	6.905	1	0.097	1	135.25	5.74
27.2	99.61	51.19	0.148	1	7.057	0	7.057	1	0.148	1	135.25	5.74
27.3	99.53	51.37	0.209	1	7.211	0	7.211	1	0.209	1	135.25	5.74
27.4	99.44	51.54	0.279	1	7.366	0	7.366	1	0.279	1	135.25	5.74
27.5	99.35	51.72	0.358	1	7.523	0	7.523	1	0.358	1	135.25	5.74
27.6	99.25	51.89	0.445	1	7.681	0	7.681	1	0.445	1	135.25	5.74
27.7	99.16	52.06	0.540	1	7.841	0	7.841	1	0.540	1	135.25	5.74
27.8	99.07	52.24	0.642	1	8.002	0	8.002	1	0.642	1	135.25	5.74
27.9	98.98	52.41	0.750	1	8.164	0	8.164	1	0.750	1	135.25	5.74
28.0	98.89	52.58	0.865	1	8.327	0	8.327	1	0.865	1	135.25	6.05
28.1	98.80	52.75	0.754	1	8.491	0	8.491	1	0.754	1	135.25	6.05
28.2	98.71	52.93	0.645	1	8.657	0	8.657	1	0.645	1	135.25	6.05
28.3	98.61	53.10	0.544	1	8.823	0	8.823	1	0.544	1	135.25	6.05
28.4	98.52	53.27	0.449	1	8.990	0	8.990	1	0.449	1	135.25	6.05
28.5	98.43	53.44	0.362	1	9.158	0	9.086	1	0.362	1	135.25	6.05
28.6	98.33	53.61	0.284	1	9.327	0	9.033	1	0.284	1	135.25	6.05
28.7	98.24	53.79	0.214	1	9.496	0	8.984	1	0.214	1	135.25	6.05
28.8	98.15	53.96	0.153	1	9.667	0	8.939	1	0.153	1	135.25	6.05
28.9	98.05	54.13	0.102	1	9.838	0	8.897	1	0.102	1	135.25	6.05
29.0	97.96	54.30	0.061	1	10.009	0	8.858	1	0.061	1	135.50	6.47
29.1	97.86	54.47	0.030	1	10.182	0	8.824	1	0.030	1	135.50	6.47
29.2	97.77	54.64	0.010	1	10.355	0	8.794	1	0.010	1	135.50	6.47
29.3	97.67	54.81	0.001	1	10.528	0	8.767	1	0.001	1	135.50	6.47
29.4	97.58	54.98	0.003	1	10.702	0	8.744	1	0.003	1	135.50	6.47
29.5	97.48	55.15	0.016	1	10.877	0	8.726	1	0.016	1	135.50	6.47
29.6	97.38	55.32	0.040	1	11.052	0	8.711	1	0.040	1	135.50	6.47
29.7	97.29	55.49	0.074	1	11.228	0	8.700	1	0.074	1	135.50	6.47
29.8	97.19	55.66	0.119	1	11.404	0	8.693	1	0.119	1	135.50	6.47
29.9	97.09	55.83	0.173	1	11.580	0	8.691	1	0.173	1	135.50	6.47
30.0	96.99	56.00	0.237	1	11.757	0	8.692	1	0.237	1	135.25	6.93
30.1	96.90	56.17	0.310	1	11.934	0	8.697	1	0.310	1	135.25	6.93
30.2	96.80	56.34	0.392	1	12.112	0	8.707	1	0.392	1	135.25	6.93
30.3	96.70	56.51	0.482	1	12.290	0	8.720	1	0.482	1	135.25	6.93
30.4	96.60	56.68	0.579	1	12.469	0	8.738	1	0.579	1	135.25	6.93
30.5	96.50	56.84	0.683	1	12.647	0	8.759	1	0.683	1	135.25	6.93
30.6	96.40	57.01	0.794	1	12.827	0	8.784	1	0.794	1	135.25	6.93
30.7	96.30	57.18	0.830	1	13.006	0	8.813	1	0.830	1	135.25	6.93
30.8	96.20	57.35	0.717	1	13.186	0	8.846	1	0.717	1	135.25	6.93
30.9	96.10	57.52	0.610	1	13.362	0	8.883	1	0.610	1	135.25	6.93
31.0	96.00	57.68	0.510	1	13.539	0	8.924	1	0.510	1	135.50	7.56
31.1	95.90	57.85	0.418	1	13.716	0	8.968	1	0.418	1	135.50	7.56
31.2	95.80	58.02	0.334	1	13.893	0	9.016	1	0.334	1	135.50	7.56
31.3	95.70	58.19	0.258	1	14.071	0	9.068	1	0.258	1	135.50	7.56
31.4	95.60	58.35	0.190	1	14.249	0	9.123	1	0.190	1	135.50	7.56
31.5	95.50	58.52	0.132	1	14.427	0	9.182	1	0.132	1	135.50	7.56
31.6	95.39	58.69	0.084	1	14.606	0	9.244	1	0.084	1	135.50	7.56
31.7	95.29	58.85	0.047	1	14.785	0	9.309	1	0.047	1	135.50	7.56
31.8	95.19	59.02	0.019	1	14.964	0	9.378	1	0.019	1	135.50	7.56
31.9	95.08	59.19	0.003	1	15.143	0	9.450	1	0.003	1	135.50	7.56
32.0	94.98	59.35	-0.003	1	15.323	0	9.525	1	-0.003	1	135.75	10.13
32.1	94.88	59.52	0.002	1	15.503	0	9.603	1	0.002	1	135.75	10.13
32.2	94.77	59.68	0.019	1	15.683	0	9.684	1	0.019	1	135.75	10.13
32.3	94.67	59.85	0.045	1	15.863	0	9.768	1	0.045	1	135.75	10.13
32.4	94.56	60.01	0.083	1	16.043	0	9.855	1	0.083	1	135.75	10.13
32.5	94.46	60.18	0.131	1	16.224	0	9.945	1	0.131	1	135.75	10.13
32.6	94.35	60.34	0.188	1	16.405	0	10.037	1	0.188	1	135.75	10.13
32.7	94.25	60.51	0.255	1	16.586	0	10.132	1	0.255	1	135.75	10.13
32.8	94.14	60.67	0.331	1	16.767	0	10.230	1	0.331	1	135.75	10.13
32.9	94.04	60.84	0.415	1	16.948	0	10.330	1	0.415	1	135.75	10.13
33.0	93.93	61.00	0.507	1	17.130	0	10.432	1	0.507	1	136.25	11.46
33.1	93.82	61.16	0.607	1	17.312	0	10.537	1	0.607	1	136.25	11.46
33.2	93.72	61.33	0.713	1	17.493	0	10.644	1	0.713	1	136.25	11.46
33.3	93.61	61.49	0.826	1	17.676	0	10.753	1	0.826	1	136.25	11.46
33.4	93.50	61.65	0.789	1	17.858	0	10.864	1	0.789	1	136.25	11.46
33.5	93.40	61.82	0.679	1	18.040	0	10.978	1	0.679	1	136.25	11.46
33.6	93.29	61.98	0.575	1	18.222	0	11.054	1	0.575	1	136.25	11.46
33.7	93.18	62.14	0.478	1	18.405	0	10.895	1	0.478	1	136.25	11.46
33.8	93.07	62.31	0.388	1	18.588	0	10.737	1	0.388	1	136.25	11.46
33.9	92.96	62.47	0.307	1	18.771	0	10.580	1	0.307	1	136.25	11.46
34.0	92.85	62.63	0.234	1	18.954	0	10.425	1	0.234	1	136.00	11.06
34.1	92.74	62.79	0.170	1	19.137	0	10.270	1	0.170	1	136.00	11.06
34.2	92.63	62.95	0.116	1	19.320	0	10.116	1	0.116	1	136.00	11.06
34.3	92.52	63.11	0.072	1	19.503	0	9.963	1	0.072	1	136.00	11.06
34.4	92.41	63.28	0.038	1	19.687	0	9.812	1	0.038	1	136.00	11.06
34.5	92.30	63.44	0.014	1	19.870	0	9.662	1	0.014	1	136.00	11.06
34.6	92.19	63.60	0.002	1	20.054	0	9.513	1	0.002	1	136.00	11.06
34.7	92.08	63.76	0.000	1	20.237	0	9.366	1	0.000	1	136.00	11.06
34.8	91.97	63.92	0.010	1	20.421	0	9.220	1	0.010	1	136.00	11.06
34.9	91.86	64.08	0.030	1	20.605	0	9.075	1	0.030	1	136.00	11.06
35.0	91.75	64.24	0.061	1	20.789	0	8.933	1	0.061	1	133.00	6.87
35.1	91.63	64.40	0.102	1	20.973	0	8.791	1	0.102	1	133.00	6.87
35.2	91.52	64.56	0.153	1	21.157	0	8.652	1	0.153	1	133.00	6.87
35.3	91.41	64.72	0.214	1	21.341	0	8.514	1	0.214	1	133.00	6.87
35.4	91.29	64.88	0.284	1	21.526	0	8.378	1	0.284	1	133.00	6.87
35.5	91.18	65.04	0.363	1	21.710	0	8.244	1	0.363	1	133.00	6.87
35.6	91.07	65.20	0.451	1	21.895	0	8.112	1	0.451	1	133.00	6.87
35.7	90.95	65.36	0.545	1	22.079	0	7.983	1	0.545	1	133.00	6.87
35.8	90.84	65.52	0.647	1	22.264	0	7.855	1	0.647	1	133.00	6.87
35.9	90.72	65.67	0.756	1	22.448	0	7.730	1	0.756	1	133.00	6.87
36.0	90.61	65.83	0.871	1	22.633	0	7.607	1	0.871	1	129.75	2.46
36.1	90.49	65.99	0.760	1	22.818	0	7.487	1	0.760	1	129.75	2.46
36.2	90.38	66.15	0.651	1	23.003	0	7.370	1	0.651	1	129.75	2.46
36.3	90.26	66.31	0.549	1	23.188	0	7.255	1	0.549	1	129.75	2.46
36.4	90.15	66.46	0.455	1	23.373	0	7.143	1	0.455	1	129.75	2.46
36.5	90.03	66.62	0.368	1	23.558	0	7.035	1	0.368	1	129.75	2.46
36.6	89.92	66.78	0.289	1	23.743	0	6.929	1	0.289	1	129.75	2.46
36.7	89.80	66.93	0.219	1	23.928	0	6.827	1	0.219	1	129.75	2.46
36.8	89.68	67.09	0.158	1	24.113	0	6.728	1	0.158	1	129.75	2.46
36.9	89.56	67.25	0.107	1	24.298	0	6.633	1	0.107	1	129.75	2.46
37.0	89.45	67.40	0.066	1	24.483	0	6.541	1	0.066	1	100.75	2.04
37.1	89.33	67.56	0.036	1	24.669	0	6.454	1	0.036	1	100.75	2.04
37.2	89.21	67.72	0.016	1	24.854	0	6.370	1	0.016	1	100.75	2.04
37.3	89.09	67.87	0.006	1	25.039	0	6.291	1	0.006	1	100.75	2.04
37.4	88.97	68.03	0.008	1	25.225	0	6.216	1	0.008	1	100.75	2.04
37.5	88.86	68.18	0.021	1	25.410	0	6.145	1	0.021	1	100.75	2.04
37.6	88.74	68.34	0.044	1	25.596	0	6.079	1	0.044	1	100.75	2.04
37.7	88.62	68.49	0.078	1	25.781	0	6.018	1	0.078	1	100.75	2.04
37.8	88.50	68.65	0.123	1	25.967	0	5.961	1	0.123	1	100.75	2.04
37.9	88.38	68.80	0.177	1	26.153	0	5.910	1	0.177	1	100.75	2.04
38.0	88.26	68.95	0.241	1	26.338	0	5.863	1	0.241	1	100.50	1.61
38.1	88.14	69.11	0.314	1	26.524	0	5.809	1	0.314	1	100.50	1.61
38.2	88.02	69.26	0.395	1	26.710	0	5.752	1	0.395	1	100.50	1.61
38.3	87.89	69.42	0.485	1	26.895	0	5.701	1	0.485	1	100.50	1.61
38.4	87.77	69.57	0.582	1	27.081	0	5.656	1	0.582	1	100.50	1.61
38.5	87.65	69.72	0.686	1	27.267	0	5.616	1	0.686	1	100.50	1.61
38.6	87.53	69.87	0.796	1	27.453	0	5.582	1	0.796	1	100.50	1.61
38.7	87.41	70.03	0.832	1	27.638	0	5.554	1	0.832	1	100.50	1.61
38.8	87.29	70.18	0.719	1	27.824	0	5.532	1	0.719	1	100.50	1.61
38.9	87.16	70.33	0.613	1	28.010	0	5.516	1	0.613	1	100.50	1.61
39.0	87.04	70.48	0.513	1	28.196	0	5.507	1	0.513	1	100.00	1.20
39.1	86.92	70.64	0.421	1	28.382	0	5.503	1	0.421	1	100.00	1.20
39.2	86.79	70.79	0.336	1	28.568	0	5.505	1	0.336	1	100.00	1.20
39.3	86.67	70.94	0.260	1	28.754	0	5.514	1	0.260	1	100.00	1.20
39.4	86.55	71.09	0.193	1	28.940	0	5.529	1	0.193	1	100.00	1.20
39.5	86.42	71.24	0.135	1	29.126	0	5.549	1	0.135	1	100.00	1.20
39.6	86.30	71.39	0.087	1	29.312	0	5.576	1	0.087	1	100.00	1.20
39.7	86.17	71.54	0.049	1	29.498	0	5.609	1	0.049	1	100.00	1.20
39.8	86.05	71.69	0.021	1	29.684	0	5.648	1	0.021	1	100.00	1.20
39.9	85.92	71.84	0.005	1	29.870	0	5.692	1	0.005	1	100.00	1.20
40.0	85.80	71.99	-0.001	1	30.056	0	5.742	1	-0.001	1	100.25	0.83
40.1	85.67	72.14	0.004	1	30.242	0	5.797	1	0.004	1	100.25	0.83
40.2	85.55	72.29	0.020	1	30.428	0	5.858	1	0.020	1	100.25	0.83
40.3	85.42	72.44	0.047	1	30.614	0	5.924	1	0.047	1	100.25	0.83
40.4	85.29	72.59	0.084	1	30.800	0	5.994	1	0.084	1	100.25	0.83
40.5	85.17	72.74	0.132	1	30.986	0	6.070	1	0.132	1	100.25	0.83
40.6	85.04	72.89	0.189	1	31.172	0	6.150	1	0.189	1	100.25	0.83
40.7	84.91	73.04	0.256	1	31.358	0	6.235	1	0.256	1	100.25	0.83
40.8	84.78	73.18	0.332	1	31.545	0	6.324	1	0.332	1	100.25	0.83
40.9	84.66	73.33	0.416	1	31.731	0	6.418	1	0.416	1	100.25	0.83
41.0	84.53	73.48	0.508	1	31.917	0	6.515	1	0.508	1	101.25	0.53
41.1	84.40	73.63	0.607	1	32.103	0	6.616	1	0.607	1	101.25	0.53
41.2	84.27	73.77	0.713	1	32.289	0	6.721	1	0.713	1	101.25	0.53
41.3	84.14	73.92	0.826	1	32.475	0	6.829	1	0.826	1	101.25	0.53
41.4	84.01	74.07	0.795	1	32.661	0	6.941	1	0.795	1	101.25	0.53
41.5	83.88	74.21	0.685	1	32.848	0	7.055	1	0.685	1	101.25	0.53
41.6	83.75	74.36	0.580	1	33.034	0	7.173	1	0.580	1	101.25	0.53
41.7	83.62	74.51	0.483	1	33.220	0	7.294	1	0.483	1	101.25	0.53
41.8	83.49	74.65	0.393	1	33.406	0	7.417	1	0.393	1	101.25	0.53
41.9	83.36	74.80	0.312	1	33.592	0	7.544	1	0.312	1	101.25	0.53
42.0	83.23	74.94	0.239	1	33.778	0	7.672	1	0.239	1	101.00	0.32
42.1	83.10	75.09	0.175	1	33.964	0	7.803	1	0.175	1	101.00	0.32
42.2	82.97	75.23	0.120	1	34.151	0	7.937	1	0.120	1	101.00	0.32
42.3	82.84	75.38	0.075	1	34.337	0	8.072	1	0.075	1	101.00	0.32
42.4	82.71	75.52	0.041	1	34.523	0	8.210	1	0.041	1	101.00	0.32
42.5	82.58	75.67	0.017	1	34.709	0	8.349	1	0.017	1	101.00	0.32
42.6	82.44	75.81	0.004	1	34.895	0	8.491	1	0.004	1	101.00	0.32
42.7	82.31	75.95	0.002	1	35.081	0	8.634	1	0.002	1	101.00	0.32
42.8	82.18	76.10	0.011	1	35.267	0	8.779	1	0.011	1	101.00	0.32
42.9	82.04	76.24	0.031	1	35.453	0	8.925	1	0.031	1	101.00	0.32
43.0	81.91	76.38	0.061	1	35.640	0	9.074	1	0.061	1	103.25	0.18
43.1	81.78	76.53	0.102	1	35.826	0	9.223	1	0.102	1	103.25	0.18
43.2	81.64	76.67	0.153	1	36.012	0	9.374	1	0.153	1	103.25	0.18
43.3	81.51	76.81	0.213	1	36.198	0	9.526	1	0.213	1	103.25	0.18
43.4	81.38	76.95	0.283	1	36.384	0	9.680	1	0.283	1	103.25	0.18
43.5	81.24	77.10	0.362	1	36.570	0	9.835	1	0.362	1	103.25	0.18
43.6	81.11	77.24	0.449	1	36.756	0	9.991	1	0.449	1	103.25	0.18
43.7	80.97	77.38	0.543	1	36.942	0	10.148	1	0.543	1	103.25	0.18
43.8	80.84	77.52	0.645	1	37.128	0	10.306	1	0.645	1	103.25	0.18
43.9	80.70	77.66	0.753	1	37.314	0	10.465	1	0.753	1	103.25	0.18
44.0	80.57	77.80	0.868	1	37.500	0	10.626	1	0.868	1	100.00	0.12
44.1	80.43	77.94	0.758	1	37.686	0	10.787	1	0.758	1	100.00	0.12
44.2	80.29	78.08	0.649	1	37.872	0	10.949	1	0.649	1	100.00	0.12
44.3	80.16	78.22	0.547	1	38.058	0	11.112	1	0.547	1	100.00	0.12
44.4	80.02	78.36	0.452	1	38.244	0	11.275	1	0.452	1	100.00	0.12
44.5	79.88	78.50	0.365	1	38.430	0	11.440	1	0.365	1	100.00	0.12
44.6	79.75	78.64	0.286	1	38.616	0	11.605	1	0.286	1	100.00	0.12
44.7	79.61	78.78	0.215	1	38.802	0	11.713	1	0.215	1	100.00	0.12
44.8	79.47	78.92	0.154	1	38.988	0	11.762	1	0.154	1	100.00	0.12
44.9	79.33	79.06	0.103	1	39.174	0	11.813	1	0.103	1	100.00	0.12
45.0	79.20	79.20	0.061	1	39.360	0	11.867	1	0.061	1	100.25	0.10
45.1	79.06	79.33	0.030	1	39.546	0	11.922	1	0.030	1	100.25	0.10
45.2	78.92	79.47	0.010	1	39.732	0	11.980	1	0.010	1	100.25	0.10
45.3	78.78	79.61	0.001	1	39.917	0	12.041	1	0.001	1	100.25	0.10
45.4	78.64	79.75	0.002	1	40.103	0	12.103	1	0.002	1	100.25	0.10
45.5	78.50	79.88	0.014	1	40.289	0	12.168	1	0.014	1	100.25	0.10
45.6	78.36	80.02	0.038	1	40.475	0	12.234	1	0.038	1	100.25	0.10
45.7	78.22	80.16	0.071	1	40.661	0	12.303	1	0.071	1	100.25	0.10
45.8	78.08	80.29	0.116	1	40.846	0	12.374	1	0.116	1	100.25	0.10
45.9	77.94	80.43	0.170	1	41.032	0	12.447	1	0.170	1	100.25	0.10
46.0	77.80	80.57	0.233	1	41.218	0	12.522	1	0.233	1	101.25	0.09
46.1	77.66	80.70	0.306	1	41.404	0	12.599	1	0.306	1	101.25	0.09
46.2	77.52	80.84	0.387	1	41.589	0	12.678	1	0.387	1	101.25	0.09
46.3	77.38	80.97	0.477	1	41.775	0	12.759	1	0.477	1	101.25	0.09
46.4	77.24	81.11	0.574	1	41.961	0	12.842	1	0.574	1	101.25	0.09
46.5	77.10	81.24	0.678	1	42.146	0	12.927	1	0.678	1	101.25	0.09
46.6	76.95	81.38	0.788	1	42.332	0	13.013	1	0.788	1	101.25	0.09
46.7	76.81	81.51	0.832	1	42.517	0	13.101	1	0.832	1	101.25	0.09
46.8	76.67	81.64	0.719	1	42.703	0	13.105	1	0.719	1	101.25	0.09
46.9	76.53	81.78	0.613	1	42.889	0	13.087	1	0.613	1	101.25	0.09
47.0	76.38	81.91	0.513	1	43.074	0	13.071	1	0.513	1	101.75	0.11
47.1	76.24	82.04	0.421	1	43.260	0	13.058	1	0.421	1	101.75	0.11
47.2	76.10	82.18	0.337	1	43.445	0	13.046	1	0.337	1	101.75	0.11
47.3	75.95	82.31	0.261	1	43.631	0	13.038	1	0.261	1	101.75	0.11
47.4	75.81	82.44	0.194	1	43.816	0	13.031	1	0.194	1	101.75	0.11
47.5	75.67	82.58	0.136	1	44.001	0	13.027	1	0.136	1	101.75	0.11
47.6	75.52	82.71	0.088	1	44.187	0	13.026	1	0.088	1	101.75	0.11
47.7	75.38	82.84	0.050	1	44.372	0	13.007	1	0.050	1	101.75	0.11
47.8	75.23	82.97	0.023	1	44.558	0	12.877	1	0.023	1	101.75	0.11
47.9	75.09	83.10	0.006	1	44.743	0	12.749	1	0.006	1	101.75	0.11
48.0	74.94	83.23	0.001	1	44.928	0	12.622	1	0.001	1	127.50	2.09
48.1	74.80	83.36	0.006	1	45.114	0	12.496	1	0.006	1	127.50	2.09
48.2	74.65	83.49	0.022	1	45.299	0	12.372	1	0.022	1	127.50	2.09
48.3	74.51	83.62	0.049	1	45.484	0	12.249	1	0.049	1	127.50	2.09
48.4	74.36	83.75	0.087	1	45.669	0	12.127	1	0.087	1	127.50	2.09
48.5	74.21	83.88	0.135	1	45.854	0	12.008	1	0.135	1	127.50	2.09
48.6	74.07	84.01	0.192	1	46.040	0	11.889	1	0.192	1	127.50	2.09
48.7	73.92	84.14	0.259	1	46.225	0	11.773	1	0.259	1	127.50	2.09
48.8	73.77	84.27	0.335	1	46.410	0	11.658	1	0.335	1	127.50	2.09
48.9	73.63	84.40	0.419	1	46.595	0	11.544	1	0.419	1	127.50	2.09
49.0	73.48	84.53	0.511	1	46.780	0	11.433	1	0.511	1	131.50	6.34
49.1	73.33	84.66	0.610	1	46.965	0	11.323	1	0.610	1	131.50	6.34
49.2	73.18	84.78	0.716	1	47.150	0	11.216	1	0.716	1	131.50	6.34
49.3	73.04	84.91	0.829	1	47.335	0	11.110	1	0.829	1	131.50	6.34
49.4	72.89	85.04	0.788	1	47.520	0	11.006	1	0.788	1	131.50	6.34
49.5	72.74	85.17	0.678	1	47.705	0	10.904	1	0.678	1	131.50	6.34
49.6	72.59	85.29	0.574	1	47.890	0	10.804	1	0.574	1	131.50	6.34
49.7	72.44	85.42	0.476	1	48.075	0	10.706	1	0.476	1	131.50	6.34
49.8	72.29	85.55	0.387	1	48.259	0	10.611	1	0.387	1	131.50	6.34
49.9	72.14	85.67	0.305	1	48.444	0	10.517	1	0.305	1	131.50	6.34
50.0	71.99	85.80	0.232	1	48.629	0	10.426	1	0.232	1	133.75	9.18
50.1	71.84	85.92	0.168	1	48.814	0	10.337	1	0.168	1	133.75	9.18
50.2	71.69	86.05	0.114	1	48.999	0	10.251	1	0.114	1	133.75	9.18
50.3	71.54	86.17	0.070	1	49.183	0	10.167	1	0.070	1	133.75	9.18
50.4	71.39	86.30	0.035	1	49.368	0	10.086	1	0.035	1	133.75	9.18
50.5	71.24	86.42	0.012	1	49.553	0	10.007	1	0.012	1	133.75	9.18
50.6	71.09	86.55	-0.001	1	49.737	0	9.931	1	-0.001	1	133.75	9.18
50.7	70.94	86.67	-0.002	1	49.922	0	9.857	1	-0.002	1	133.75	9.18
50.8	70.79	86.79	0.007	1	50.106	0	9.787	1	0.007	1	133.75	9.18
50.9	70.64	86.92	0.027	1	50.291	0	9.718	1	0.027	1	133.75	9.18
51.0	70.48	87.04	0.058	1	50.475	0	9.653	1	0.058	1	135.75	10.57
51.1	70.33	87.16	0.099	1	50.660	0	9.591	1	0.099	1	135.75	10.57
51.2	70.18	87.29	0.150	1	50.844	0	9.532	1	0.150	1	135.75	10.57
51.3	70.03	87.41	0.211	1	51.028	0	9.475	1	0.211	1	135.75	10.57
51.4	69.87	87.53	0.281	1	51.213	0	9.422	1	0.281	1	135.75	10.57
51.5	69.72	87.65	0.360	1	51.397	0	9.372	1	0.360	1	135.75	10.57
51.6	69.57	87.77	0.447	1	51.581	0	9.325	1	0.447	1	135.75	10.57
51.7	69.42	87.89	0.542	1	51.766	0	9.281	1	0.542	1	135.75	10.57
51.8	69.26	88.02	0.644	1	51.950	0	9.240	1	0.644	1	135.75	10.57
51.9	69.11	88.14	0.752	1	52.134	0	9.202	1	0.752	1	135.75	10.57
52.0	68.95	88.26	0.867	1	52.318	0	9.168	1	0.867	1	136.00	10.52
52.1	68.80	88.38	0.759	1	52.502	0	9.137	1	0.759	1	136.00	10.52
52.2	68.65	88.50	0.650	1	52.686	0	9.110	1	0.650	1	136.00	10.52
52.3	68.49	88.62	0.548	1	52.870	0	9.086	1	0.548	1	136.00	10.52
52.4	68.34	88.74	0.453	1	53.054	0	9.065	1	0.453	1	136.00	10.52
52.5	68.18	88.86	0.366	1	53.041	0	9.047	1	0.366	1	136.00	10.52
52.6	68.03	88.97	0.287	1	52.859	0	9.034	1	0.287	1	136.00	10.52
52.7	67.87	89.09	0.217	1	52.677	0	9.023	1	0.217	1	136.00	10.52
52.8	67.72	89.21	0.156	1	52.495	0	9.016	1	0.156	1	136.00	10.52
52.9	67.56	89.33	0.105	1	52.312	0	9.013	1	0.105	1	136.00	10.52
53.0	67.40	89.45	0.064	1	52.130	0	9.013	1	0.064	1	136.25	9.28
53.1	67.25	89.56	0.033	1	51.948	0	9.016	1	0.033	1	136.25	9.28
53.2	67.09	89.68	0.013	1	51.766	0	9.023	1	0.013	1	136.25	9.28
53.3	66.93	89.80	0.003	1	51.583	0	9.034	1	0.003	1	136.25	9.28
53.4	66.78	89.92	0.005	1	51.401	0	9.047	1	0.005	1	136.25	9.28
53.5	66.62	90.03	0.018	1	51.218	0	9.065	1	0.018	1	136.25	9.28
53.6	66.46	90.15	0.041	1	51.036	0	9.086	1	0.041	1	136.25	9.28
53.7	66.31	90.26	0.075	1	50.854	0	9.110	1	0.075	1	136.25	9.28
53.8	66.15	90.38	0.119	1	50.671	0	9.137	1	0.119	1	136.25	9.28
53.9	65.99	90.49	0.173	1	50.489	0	9.168	1	0.173	1	136.25	9.28
54.0	65.83	90.61	0.237	1	50.306	0	9.202	1	0.237	1	135.75	6.92
54.1	65.67	90.72	0.310	1	50.123	0	9.240	1	0.310	1	135.75	6.92
54.2	65.52	90.84	0.391	1	49.941	0	9.281	1	0.391	1	135.75	6.92
54.3	65.36	90.95	0.480	1	49.758	0	9.325	1	0.480	1	135.75	6.92
54.4	65.20	91.07	0.577	1	49.576	0	9.372	1	0.577	1	135.75	6.92
54.5	65.04	91.18	0.681	1	49.393	0	9.422	1	0.681	1	135.75	6.92
54.6	64.88	91.29	0.792	1	49.210	0	9.475	1	0.792	1	135.75	6.92
54.7	64.72	91.41	0.833	1	49.027	0	9.532	1	0.833	1	135.75	6.92
54.8	64.56	91.52	0.721	1	48.845	0	9.591	1	0.721	1	135.75	6.92
54.9	64.40	91.63	0.614	1	48.662	0	9.653	1	0.614	1	135.75	6.92
55.0	64.24	91.75	0.514	1	48.479	0	9.718	1	0.514	1	131.00	4.23
55.1	64.08	91.86	0.422	1	48.296	0	9.787	1	0.422	1	131.00	4.23
55.2	63.92	91.97	0.338	1	48.114	0	9.857	1	0.338	1	131.00	4.23
55.3	63.76	92.08	0.262	1	47.931	0	9.931	1	0.262	1	131.00	4.23
55.4	63.60	92.19	0.194	1	47.748	0	10.007	1	0.194	1	131.00	4.23
55.5	63.44	92.30	0.137	1	47.565	0	10.086	1	0.137	1	131.00	4.23
55.6	63.28	92.41	0.089	1	47.382	0	10.167	1	0.089	1	131.00	4.23
55.7	63.11	92.52	0.051	1	47.199	0	10.251	1	0.051	1	131.00	4.23
55.8	62.95	92.63	0.023	1	47.016	0	10.337	1	0.023	1	131.00	4.23
55.9	62.79	92.74	0.007	1	46.833	0	10.426	1	0.007	1	131.00	4.23
56.0	62.63	92.85	0.001	1	46.650	0	10.517	1	0.001	1	129.00	1.46
56.1	62.47	92.96	0.006	1	46.467	0	10.611	1	0.006	1	129.00	1.46
56.2	62.31	93.07	0.023	1	46.284	0	10.706	1	0.023	1	129.00	1.46
56.3	62.14	93.18	0.049	1	46.101	0	10.804	1	0.049	1	129.00	1.46
56.4	61.98	93.29	0.087	1	45.918	0	10.904	1	0.087	1	129.00	1.46
56.5	61.82	93.40	0.135	1	45.735	0	11.006	1	0.135	1	129.00	1.46
56.6	61.65	93.50	0.192	1	45.552	0	11.110	1	0.192	1	129.00	1.46
56.7	61.49	93.61	0.259	1	45.368	0	11.215	1	0.259	1	129.00	1.46
56.8	61.33	93.72	0.334	1	45.185	0	11.323	1	0.334	1	129.00	1.46
56.9	61.16	93.82	0.419	1	45.002	0	11.433	1	0.419	1	129.00	1.46
57.0	61.00	93.93	0.511	1	44.819	0	11.544	1	0.511	1	104.50	0.11
57.1	60.84	94.04	0.610	1	44.636	0	11.658	1	0.610	1	104.50	0.11
57.2	60.67	94.14	0.716	1	44.452	0	11.773	1	0.716	1	104.50	0.11
57.3	60.51	94.25	0.829	1	44.269	0	11.804	1	0.829	1	104.50	0.11
57.4	60.34	94.35	0.791	1	44.086	0	11.742	1	0.791	1	104.50	0.11
57.5	60.18	94.46	0.681	1	43.903	0	11.682	1	0.681	1	104.50	0.11
57.6	60.01	94.56	0.576	1	43.719	0	11.625	1	0.576	1	104.50	0.11
57.7	59.85	94.67	0.479	1	43.536	0	11.570	1	0.479	1	104.50	0.11
57.8	59.68	94.77	0.389	1	43.353	0	11.517	1	0.389	1	104.50	0.11
57.9	59.52	94.88	0.308	1	43.169	0	11.467	1	0.308	1	104.50	0.11
58.0	59.35	94.98	0.234	1	42.986	0	11.419	1	0.234	1	133.75	1.31
58.1	59.19	95.08	0.170	1	42.803	0	11.373	1	0.170	1	133.75	1.31
58.2	59.02	95.19	0.116	1	42.619	0	11.330	1	0.116	1	133.75	1.31
58.3	58.85	95.29	0.071	1	42.436	0	11.289	1	0.071	1	133.75	1.31
58.4	58.69	95.39	0.037	1	42.253	0	11.250	1	0.037	1	133.75	1.31
58.5	58.52	95.50	0.013	1	42.069	0	11.214	1	0.013	1	133.75	1.31
58.6	58.35	95.60	0.000	1	41.886	0	11.181	1	0.000	1	133.75	1.31
58.7	58.19	95.70	-0.002	1	41.702	0	11.150	1	-0.002	1	133.75	1.31
58.8	58.02	95.80	0.007	1	41.519	0	11.122	1	0.007	1	133.75	1.31
58.9	57.85	95.90	0.027	1	41.336	0	11.096	1	0.027	1	133.75	1.31
59.0	57.68	96.00	0.057	1	41.152	0	11.073	1	0.057	1	131.75	4.21
59.1	57.52	96.10	0.098	1	40.969	0	11.052	1	0.098	1	131.75	4.21
59.2	57.35	96.20	0.149	1	40.785	0	11.034	1	0.149	1	131.75	4.21
59.3	57.18	96.30	0.210	1	40.602	0	11.019	1	0.210	1	131.75	4.21
59.4	57.01	96.40	0.280	1	40.418	0	11.006	1	0.280	1	131.75	4.21
59.5	56.84	96.50	0.359	1	40.235	0	10.996	1	0.359	1	131.75	4.21
59.6	56.68	96.60	0.446	1	40.051	0	10.988	1	0.446	1	131.75	4.21
59.7	56.51	96.70	0.540	1	39.868	0	10.983	1	0.540	1	131.75	4.21
59.8	56.34	96.80	0.642	1	39.684	0	10.981	1	0.642	1	131.75	4.21
59.9	56.17	96.90	0.750	1	39.501	0	10.981	1	0.750	1	131.75	4.21
60.0	56.00	96.99	0.865	1	39.317	0	10.984	1	0.865	1	132.50	6.63
60.1	55.83	97.09	0.754	1	39.134	0	10.990	1	0.754	1	132.50	6.63
60.2	55.66	97.19	0.646	1	38.950	0	10.998	1	0.646	1	132.50	6.63
60.3	55.49	97.29	0.543	1	38.767	0	11.009	1	0.543	1	132.50	6.63
60.4	55.32	97.38	0.449	1	38.583	0	11.022	1	0.449	1	132.50	6.63
60.5	55.15	97.48	0.361	1	38.400	0	11.039	1	0.361	1	132.50	6.63
60.6	54.98	97.58	0.282	1	38.216	0	11.057	1	0.282	1	132.50	6.63
60.7	54.81	97.67	0.212	1	38.033	0	11.079	1	0.212	1	132.50	6.63
60.8	54.64	97.77	0.151	1	37.849	0	11.103	1	0.151	1	132.50	6.63
60.9	54.47	97.86	0.100	1	37.666	0	11.129	1	0.100	1	132.50	6.63
61.0	54.30	97.96	0.058	1	37.482	0	11.158	1	0.058	1	133.75	8.60
61.1	54.13	98.05	0.028	1	37.299	0	11.190	1	0.028	1	133.75	8.60
61.2	53.96	98.15	0.007	1	37.115	0	11.224	1	0.007	1	133.75	8.60
61.3	53.79	98.24	-0.002	1	36.931	0	11.260	1	-0.002	1	133.75	8.60
61.4	53.61	98.33	-0.000	1	36.748	0	11.299	1	-0.000	1	133.75	8.60
61.5	53.44	98.43	0.012	1	36.564	0	11.341	1	0.012	1	133.75	8.60
61.6	53.27	98.52	0.036	1	36.381	0	11.385	1	0.036	1	133.75	8.60
61.7	53.10	98.61	0.070	1	36.197	0	11.431	1	0.070	1	133.75	8.60
61.8	52.93	98.71	0.114	1	36.014	0	11.480	1	0.114	1	133.75	8.60
61.9	52.75	98.80	0.168	1	35.830	0	11.531	1	0.168	1	133.75	8.60
62.0	52.58	98.89	0.232	1	35.647	0	11.584	1	0.232	1	137.25	9.45
62.1	52.41	98.98	0.305	1	35.464	0	11.640	1	0.305	1	137.25	9.45
62.2	52.24	99.07	0.386	1	35.280	0	11.698	1	0.386	1	137.25	9.45
62.3	52.06	99.16	0.476	1	35.097	0	11.758	1	0.476	1	137.25	9.45
62.4	51.89	99.25	0.573	1	34.913	0	11.820	1	0.573	1	137.25	9.45
62.5	51.72	99.35	0.677	1	34.730	0	11.885	1	0.677	1	137.25	9.45
62.6	51.54	99.44	0.787	1	34.546	0	11.951	1	0.787	1	137.25	9.45
62.7	51.37	99.53	0.829	1	34.363	0	12.020	1	0.829	1	137.25	9.45
62.8	51.19	99.61	0.716	1	34.180	0	12.091	1	0.716	1	137.25	9.45
62.9	51.02	99.70	0.610	1	33.996	0	12.164	1	0.610	1	137.25	9.45
63.0	50.85	99.79	0.511	1	33.813	0	12.239	1	0.511	1	137.50	9.87
63.1	50.67	99.88	0.419	1	33.629	0	12.316	1	0.419	1	137.50	9.87
63.2	50.50	99.97	0.335	1	33.446	0	12.395	1	0.335	1	137.50	9.87
63.3	50.32	100.06	0.259	1	33.263	0	12.476	1	0.259	1	137.50	9.87
63.4	50.15	100.15	0.192	1	33.079	0	12.559	1	0.192	1	137.50	9.87
63.5	49.97	100.23	0.135	1	32.896	0	12.643	1	0.135	1	137.50	9.87
63.6	49.80	100.32	0.087	1	32.713	0	12.730	1	0.087	1	137.50	9.87
63.7	49.62	100.41	0.050	1	32.530	0	12.818	1	0.050	1	137.50	9.87
63.8	49.45	100.49	0.023	1	32.346	0	12.908	1	0.023	1	137.50	9.87
63.9	49.27	100.58	0.007	1	32.163	0	13.000	1	0.007	1	137.50	9.87
64.0	49.10	100.66	0.001	1	31.980	0	13.093	1	0.001	1	137.50	10.06
64.1	48.92	100.75	0.007	1	31.797	0	13.188	1	0.007	1	137.50	10.06
64.2	48.75	100.84	0.024	1	31.614	0	13.285	1	0.024	1	137.50	10.06
64.3	48.57	100.92	0.051	1	31.431	0	13.383	1	0.051	1	137.50	10.06
64.4	48.39	101.01	0.089	1	31.248	0	13.483	1	0.089	1	137.50	10.06
64.5	48.22	101.09	0.137	1	31.065	0	13.585	1	0.137	1	137.50	10.06
64.6	48.04	101.17	0.195	1	30.882	0	13.688	1	0.195	1	137.50	10.06
64.7	47.86	101.26	0.262	1	30.699	0	13.792	1	0.262	1	137.50	10.06
64.8	47.69	101.34	0.338	1	30.516	0	13.898	1	0.338	1	137.50	10.06
64.9	47.51	101.42	0.422	1	30.333	0	14.005	1	0.422	1	137.50	10.06
65.0	47.33	101.51	0.515	1	30.150	0	14.114	1	0.515	1	137.50	9.74
65.1	47.16	101.59	0.614	1	29.967	0	14.224	1	0.614	1	137.50	9.74
65.2	46.98	101.67	0.721	1	29.784	0	14.335	1	0.721	1	137.50	9.74
65.3	46.80	101.75	0.833	1	29.601	0	14.448	1	0.833	1	137.50	9.74
65.4	46.62	101.83	0.795	1	29.419	0	14.562	1	0.795	1	137.50	9.74
65.5	46.45	101.92	0.685	1	29.236	0	14.677	1	0.685	1	137.50	9.74
65.6	46.27	102.00	0.581	1	29.053	0	14.794	1	0.581	1	137.50	9.74
65.7	46.09	102.08	0.484	1	28.871	0	14.911	1	0.484	1	137.50	9.74
65.8	45.91	102.16	0.394	1	28.688	0	15.030	1	0.394	1	137.50	9.74
65.9	45.73	102.24	0.313	1	28.506	0	15.150	1	0.313	1	137.50	9.74
66.0	45.55	102.32	0.240	1	28.323	0	15.271	1	0.240	1	132.25	9.84
66.1	45.38	102.40	0.176	1	28.141	0	15.393	1	0.176	1	132.25	9.84
66.2	45.20	102.48	0.122	1	27.958	0	15.517	1	0.122	1	132.25	9.84
66.3	45.02	102.55	0.078	1	27.776	0	15.641	1	0.078	1	132.25	9.84
66.4	44.84	102.63	0.044	1	27.594	0	15.766	1	0.044	1	132.25	9.84
66.5	44.66	102.71	0.020	1	27.412	0	15.893	1	0.020	1	132.25	9.84
66.6	44.48	102.79	0.008	1	27.229	0	16.020	1	0.008	1	132.25	9.84
66.7	44.30	102.87	0.006	1	27.047	0	16.148	1	0.006	1	132.25	9.84
66.8	44.12	102.94	0.015	1	26.865	0	16.278	1	0.015	1	132.25	9.84
66.9	43.94	103.02	0.035	1	26.683	0	16.408	1	0.035	1	132.25	9.84
67.0	43.76	103.10	0.066	1	26.501	0	16.539	1	0.066	1	132.25	10.11
67.1	43.58	103.17	0.107	1	26.319	0	16.671	1	0.107	1	132.25	10.11
67.2	43.40	103.25	0.158	1	26.138	0	16.804	1	0.158	1	132.25	10.11
67.3	43.22	103.32	0.219	1	25.956	0	16.938	1	0.219	1	132.25	10.11
67.4	43.04	103.40	0.289	1	25.774	0	17.072	1	0.289	1	132.25	10.11
67.5	42.86	103.47	0.367	1	25.593	0	17.207	1	0.367	1	132.25	10.11
67.6	42.68	103.55	0.454	1	25.411	0	17.344	1	0.454	1	132.25	10.11
67.7	42.50	103.62	0.549	1	25.230	0	17.481	1	0.549	1	132.25	10.11
67.8	42.32	103.70	0.651	1	25.048	0	17.618	1	0.651	1	132.25	10.11
67.9	42.14	103.77	0.759	1	24.867	0	17.757	1	0.759	1	132.25	10.11
68.0	41.96	103.84	0.868	1	24.686	0	17.896	1	0.868	1	133.50	10.30
68.1	41.77	103.92	0.753	1	24.505	0	18.036	1	0.753	1	133.50	10.30
68.2	41.59	103.99	0.644	1	24.324	0	18.176	1	0.644	1	133.50	10.30
68.3	41.41	104.06	0.543	1	24.143	0	18.317	1	0.543	1	133.50	10.30
68.4	41.23	104.13	0.448	1	23.962	0	18.459	1	0.448	1	133.50	10.30
68.5	41.05	104.21	0.361	1	23.781	0	18.602	1	0.361	1	133.50	10.30
68.6	40.87	104.28	0.282	1	23.601	0	18.745	1	0.282	1	133.50	10.30
68.7	40.68	104.35	0.212	1	23.420	0	18.889	1	0.212	1	133.50	10.30
68.8	40.50	104.42	0.152	1	23.240	0	19.033	1	0.152	1	133.50	10.30
68.9	40.32	104.49	0.101	1	23.059	0	19.178	1	0.101	1	133.50	10.30
69.0	40.14	104.56	0.060	1	22.879	0	19.324	1	0.060	1	135.00	10.96
69.1	39.95	104.63	0.029	1	22.699	0	19.470	1	0.029	1	135.00	10.96
69.2	39.77	104.70	0.009	1	22.519	0	19.617	1	0.009	1	135.00	10.96
69.3	39.59	104.77	-0.000	1	22.339	0	19.764	1	-0.000	1	135.00	10.96
69.4	39.41	104.84	0.002	1	22.160	0	19.912	1	0.002	1	135.00	10.96
69.5	39.22	104.91	0.015	1	21.980	0	20.060	1	0.015	1	135.00	10.96
69.6	39.04	104.98	0.038	1	21.801	0	20.209	1	0.038	1	135.00	10.96
69.7	38.86	105.04	0.073	1	21.621	0	20.359	1	0.073	1	135.00	10.96
69.8	38.67	105.11	0.117	1	21.442	0	20.508	1	0.117	1	135.00	10.96
69.9	38.49	105.18	0.172	1	21.263	0	20.659	1	0.172	1	135.00	10.96
70.0	38.31	105.25	0.236	1	21.084	0	20.810	1	0.236	1	136.50	9.80
70.1	38.12	105.31	0.309	1	20.905	0	20.905	1	0.309	1	136.50	9.80
70.2	37.94	105.38	0.390	1	20.727	0	20.727	1	0.390	1	136.50	9.80
70.3	37.75	105.44	0.480	1	20.548	0	20.548	1	0.480	1	136.50	9.80
70.4	37.57	105.51	0.577	1	20.370	0	20.370	1	0.577	1	136.50	9.80
70.5	37.39	105.58	0.681	1	20.192	0	20.192	1	0.681	1	136.50	9.80
70.6	37.20	105.64	0.792	1	20.014	0	20.014	1	0.792	1	136.50	9.80
70.7	37.02	105.71	0.829	1	19.836	0	19.836	1	0.829	1	136.50	9.80
70.8	36.83	105.77	0.716	1	19.658	0	19.658	1	0.716	1	136.50	9.80
70.9	36.65	105.83	0.609	1	19.481	0	19.481	1	0.609	1	136.50	9.80
71.0	36.46	105.90	0.510	1	19.304	0	19.304	1	0.510	1	137.75	8.00
71.1	36.28	105.96	0.417	1	19.127	0	19.127	1	0.417	1	137.75	8.00
71.2	36.09	106.02	0.333	1	18.950	0	18.950	1	0.333	1	137.75	8.00
71.3	35.91	106.09	0.257	1	18.774	0	18.774	1	0.257	1	137.75	8.00
71.4	35.72	106.15	0.190	1	18.597	0	18.597	1	0.190	1	137.75	8.00
71.5	35.54	106.21	0.132	1	18.421	0	18.421	1	0.132	1	137.75	8.00
71.6	35.35	106.27	0.084	1	18.245	0	18.245	1	0.084	1	137.75	8.00
71.7	35.17	106.34	0.046	1	18.070	0	18.070	1	0.046	1	137.75	8.00
71.8	34.98	106.40	0.019	1	17.894	0	17.894	1	0.019	1	137.75	8.00
71.9	34.80	106.46	0.003	1	17.719	0	17.719	1	0.003	1	137.75	8.00
72.0	34.61	106.52	-0.003	1	17.544	0	17.544	1	-0.003	1	137.75	5.83
72.1	34.42	106.58	0.003	1	17.369	0	17.369	1	0.003	1	137.75	5.83
72.2	34.24	106.64	0.019	1	17.195	0	17.195	1	0.019	1	137.75	5.83
72.3	34.05	106.70	0.046	1	17.021	0	17.021	1	0.046	1	137.75	5.83
72.4	33.87	106.76	0.084	1	16.847	0	16.847	1	0.084	1	137.75	5.83
72.5	33.68	106.82	0.131	1	16.674	0	16.674	1	0.131	1	137.75	5.83
72.6	33.49	106.87	0.189	1	16.501	0	16.501	1	0.189	1	137.75	5.83
72.7	33.31	106.93	0.256	1	16.328	0	16.328	1	0.256	1	137.75	5.83
72.8	33.12	106.99	0.332	1	16.156	0	16.156	1	0.332	1	137.75	5.83
72.9	32.93	107.05	0.416	1	15.983	0	15.983	1	0.416	1	137.75	5.83
73.0	32.75	107.11	0.508	1	15.812	0	15.812	1	0.508	1	137.75	3.87
73.1	32.56	107.16	0.608	1	15.640	0	15.640	1	0.608	1	137.75	3.87
73.2	32.37	107.22	0.714	1	15.469	0	15.469	1	0.714	1	137.75	3.87
73.3	32.18	107.28	0.827	1	15.299	0	15.299	1	0.827	1	137.75	3.87
73.4	32.00	107.33	0.796	1	15.129	0	15.129	1	0.796	1	137.75	3.87
73.5	31.81	107.39	0.685	1	14.959	0	14.959	1	0.685	1	137.75	3.87
73.6	31.62	107.44	0.581	1	14.790	0	14.790	1	0.581	1	137.75	3.87
73.7	31.43	107.50	0.484	1	14.621	0	14.621	1	0.484	1	137.75	3.87
73.8	31.25	107.55	0.395	1	14.452	0	14.452	1	0.395	1	137.75	3.87
73.9	31.06	107.61	0.313	1	14.285	0	14.285	1	0.313	1	137.75	3.87
74.0	30.87	107.66	0.241	1	14.117	0	14.117	1	0.241	1	137.75	2.50
74.1	30.68	107.72	0.177	1	13.950	0	13.950	1	0.177	1	137.75	2.50
74.2	30.50	107.77	0.122	1	13.784	0	13.784	1	0.122	1	137.75	2.50
74.3	30.31	107.82	0.078	1	13.618	0	13.618	1	0.078	1	137.75	2.50
74.4	30.12	107.87	0.044	1	13.453	0	13.453	1	0.044	1	137.75	2.50
74.5	29.93	107.93	0.020	1	13.287	0	13.287	1	0.020	1	137.75	2.50
74.6	29.74	107.98	0.008	1	13.117	0	13.117	1	0.008	1	137.75	2.50
74.7	29.55	108.03	0.006	1	12.948	0	12.948	1	0.006	1	137.75	2.50
74.8	29.37	108.08	0.015	1	12.779	0	12.779	1	0.015	1	137.75	2.50
74.9	29.18	108.13	0.035	1	12.611	0	12.611	1	0.035	1	137.75	2.50
75.0	28.99	108.18	0.065	1	12.443	0	12.443	1	0.065	1	137.50	1.58
75.1	28.80	108.23	0.106	1	12.276	0	12.276	1	0.106	1	137.50	1.58
75.2	28.61	108.28	0.158	1	12.109	0	12.109	1	0.158	1	137.50	1.58
75.3	28.42	108.33	0.218	1	11.943	0	11.943	1	0.218	1	137.50	1.58
75.4	28.23	108.38	0.288	1	11.778	0	11.778	1	0.288	1	137.50	1.58
75.5	28.04	108.43	0.367	1	11.614	0	11.614	1	0.367	1	137.50	1.58
75.6	27.85	108.48	0.454	1	11.450	0	11.450	1	0.454	1	137.50	1.58
75.7	27.66	108.53	0.548	1	11.287	0	11.287	1	0.548	1	137.50	1.58
75.8	27.47	108.58	0.650	1	11.125	0	11.125	1	0.650	1	137.50	1.58
75.9	27.28	108.63	0.758	1	10.964	0	10.964	1	0.758	1	137.50	1.58
76.0	27.10	108.67	0.872	1	10.803	0	10.803	1	0.872	1	137.75	1.96
76.1	26.91	108.72	0.757	1	10.644	0	10.644	1	0.757	1	137.75	1.96
76.2	26.72	108.77	0.648	1	10.485	0	10.485	1	0.648	1	137.75	1.96
76.3	26.53	108.81	0.547	1	10.328	0	10.328	1	0.547	1	137.75	1.96
76.4	26.34	108.86	0.452	1	10.171	0	10.171	1	0.452	1	137.75	1.96
76.5	26.15	108.91	0.365	1	10.016	0	10.016	1	0.365	1	137.75	1.96
76.6	25.96	108.95	0.287	1	9.861	0	9.861	1	0.287	1	137.75	1.96
76.7	25.77	109.00	0.217	1	9.708	0	9.708	1	0.217	1	137.75	1.96
76.8	25.58	109.04	0.156	1	9.557	0	9.557	1	0.156	1	137.75	1.96
76.9	25.38	109.09	0.105	1	9.406	0	9.406	1	0.105	1	137.75	1.96
77.0	25.19	109.13	0.064	1	9.257	0	9.257	1	0.064	1	137.75	2.98
77.1	25.00	109.17	0.033	1	9.109	0	9.109	1	0.033	1	137.75	2.98
77.2	24.81	109.22	0.013	1	8.963	0	8.963	1	0.013	1	137.75	2.98
77.3	24.62	109.26	0.004	1	8.818	0	8.818	1	0.004	1	137.75	2.98
77.4	24.43	109.30	0.006	1	8.676	0	8.676	1	0.006	1	137.75	2.98
77.5	24.24	109.35	0.019	1	8.534	0	8.534	1	0.019	1	137.75	2.98
77.6	24.05	109.39	0.042	1	8.395	0	8.395	1	0.042	1	137.75	2.98
77.7	23.86	109.43	0.077	1	8.257	0	8.257	1	0.077	1	137.75	2.98
77.8	23.67	109.47	0.121	1	8.122	0	8.122	1	0.121	1	137.75	2.98
77.9	23.48	109.51	0.175	1	7.988	0	7.988	1	0.175	1	137.75	2.98
78.0	23.29	109.55	0.239	1	7.857	0	7.857	1	0.239	1	133.25	4.83
78.1	23.09	109.59	0.312	1	7.728	0	7.728	1	0.312	1	133.25	4.83
78.2	22.90	109.63	0.394	1	7.601	0	7.601	1	0.394	1	133.25	4.83
78.3	22.71	109.67	0.483	1	7.477	0	7.477	1	0.483	1	133.25	4.83
78.4	22.52	109.71	0.580	1	7.356	0	7.356	1	0.580	1	133.25	4.83
78.5	22.33	109.75	0.685	1	7.237	0	7.237	1	0.685	1	133.25	4.83
78.6	22.14	109.79	0.795	1	7.121	0	7.121	1	0.795	1	133.25	4.83
78.7	21.95	109.83	0.828	1	7.008	0	7.008	1	0.828	1	133.25	4.83
78.8	21.75	109.87	0.715	1	6.898	0	6.898	1	0.715	1	133.25	4.83
78.9	21.56	109.90	0.609	1	6.792	0	6.792	1	0.609	1	133.25	4.83
79.0	21.37	109.94	0.509	1	6.689	0	6.689	1	0.509	1	132.75	7.50
79.1	21.18	109.98	0.417	1	6.590	0	6.590	1	0.417	1	132.75	7.50
79.2	20.99	110.02	0.332	1	6.494	0	6.494	1	0.332	1	132.75	7.50
79.3	20.79	110.05	0.256	1	6.402	0	6.402	1	0.256	1	132.75	7.50
79.4	20.60	110.09	0.189	1	6.315	0	6.315	1	0.189	1	132.75	7.50
79.5	20.41	110.12	0.131	1	6.231	0	6.231	1	0.131	1	132.75	7.50
79.6	20.22	110.16	0.083	1	6.152	0	6.152	1	0.083	1	132.75	7.50
79.7	20.03	110.20	0.045	1	6.077	0	6.077	1	0.045	1	132.75	7.50
79.8	19.83	110.23	0.018	1	6.008	0	6.008	1	0.018	1	132.75	7.50
79.9	19.64	110.26	0.001	1	5.942	0	5.942	1	0.001	1	132.75	7.50
80.0	19.45	110.30	-0.004	1	5.882	0	5.882	1	-0.004	1	131.75	9.67
80.1	19.26	110.33	0.001	1	5.827	0	5.827	1	0.001	1	131.75	9.67
80.2	19.06	110.37	0.017	1	5.778	0	5.778	1	0.017	1	131.75	9.67
80.3	18.87	110.40	0.044	1	5.733	0	5.733	1	0.044	1	131.75	9.67
80.4	18.68	110.43	0.082	1	5.695	0	5.695	1	0.082	1	131.75	9.67
80.5	18.49	110.46	0.129	1	5.661	0	5.661	1	0.129	1	131.75	9.67
80.6	18.29	110.50	0.187	1	5.634	0	5.634	1	0.187	1	131.75	9.67
80.7	18.10	110.53	0.254	1	5.612	0	5.612	1	0.254	1	131.75	9.67
80.8	17.91	110.56	0.330	1	5.596	0	5.596	1	0.330	1	131.75	9.67
80.9	17.71	110.59	0.414	1	5.586	0	5.586	1	0.414	1	131.75	9.67
81.0	17.52	110.62	0.506	1	5.582	0	5.582	1	0.506	1	132.75	10.37
81.1	17.33	110.65	0.606	1	5.584	0	5.584	1	0.606	1	132.75	10.37
81.2	17.13	110.68	0.712	1	5.592	0	5.592	1	0.712	1	132.75	10.37
81.3	16.94	110.71	0.825	1	5.605	0	5.605	1	0.825	1	132.75	10.37
81.4	16.75	110.74	0.786	1	5.625	0	5.625	1	0.786	1	132.75	10.37
81.5	16.55	110.77	0.675	1	5.650	0	5.650	1	0.675	1	132.75	10.37
81.6	16.36	110.80	0.571	1	5.681	0	5.681	1	0.571	1	132.75	10.37
81.7	16.17	110.83	0.474	1	5.717	0	5.717	1	0.474	1	132.75	10.37
81.8	15.97	110.85	0.385	1	5.760	0	5.760	1	0.385	1	132.75	10.37
81.9	15.78	110.88	0.303	1	5.807	0	5.807	1	0.303	1	132.75	10.37
82.0	15.59	110.91	0.230	1	5.860	0	5.860	1	0.230	1	131.75	11.25
82.1	15.39	110.94	0.167	1	5.918	0	5.918	1	0.167	1	131.75	11.25
82.2	15.20	110.96	0.112	1	5.981	0	5.981	1	0.112	1	131.75	11.25
82.3	15.01	110.99	0.068	1	6.049	0	6.049	1	0.068	1	131.75	11.25
82.4	14.81	111.02	0.034	1	6.122	0	6.122	1	0.034	1	131.75	11.25
82.5	14.62	111.04	0.011	1	6.199	0	6.199	1	0.011	1	131.75	11.25
82.6	14.43	111.07	-0.002	1	6.281	0	6.281	1	-0.002	1	131.75	11.25
82.7	14.23	111.09	-0.003	1	6.367	0	6.367	1	-0.003	1	131.75	11.25
82.8	14.04	111.12	0.006	1	6.457	0	6.457	1	0.006	1	131.75	11.25
82.9	13.84	111.14	0.027	1	6.551	0	6.551	1	0.027	1	131.75	11.25
83.0	13.65	111.17	0.058	1	6.649	0	6.649	1	0.058	1	132.00	12.76
83.1	13.46	111.19	0.099	1	6.751	0	6.751	1	0.099	1	132.00	12.76
83.2	13.26	111.21	0.150	1	6.856	0	6.856	1	0.150	1	132.00	12.76
83.3	13.07	111.24	0.211	1	6.784	0	6.784	1	0.211	1	132.00	12.76
83.4	12.87	111.26	0.282	1	6.701	0	6.701	1	0.282	1	132.00	12.76
83.5	12.68	111.28	0.361	1	6.622	0	6.622	1	0.361	1	132.00	12.76
83.6	12.48	111.30	0.448	1	6.547	0	6.547	1	0.448	1	132.00	12.76
83.7	12.29	111.32	0.543	1	6.476	0	6.476	1	0.543	1	132.00	12.76
83.8	12.10	111.34	0.645	1	6.409	0	6.409	1	0.645	1	132.00	12.76
83.9	11.90	111.37	0.754	1	6.347	0	6.347	1	0.754	1	132.00	12.76
84.0	11.71	111.39	0.869	1	6.290	0	6.290	1	0.869	1	133.00	14.51
84.1	11.51	111.41	0.755	1	6.237	0	6.237	1	0.755	1	133.00	14.51
84.2	11.32	111.43	0.646	1	6.188	0	6.188	1	0.646	1	133.00	14.51
84.3	11.12	111.45	0.545	1	6.145	0	6.145	1	0.545	1	133.00	14.51
84.4	10.93	111.47	0.450	1	6.107	0	6.107	1	0.450	1	133.00	14.51
84.5	10.73	111.48	0.364	1	6.073	0	6.073	1	0.364	1	133.00	14.51
84.6	10.54	111.50	0.285	1	6.045	0	6.045	1	0.285	1	133.00	14.51
84.7	10.35	111.52	0.215	1	6.022	0	6.022	1	0.215	1	133.00	14.51
84.8	10.15	111.54	0.155	1	6.004	0	6.004	1	0.155	1	133.00	14.51
84.9	9.96	111.56	0.104	1	5.987	0	5.987	1	0.104	1	133.00	14.51
85.0	9.76	111.57	0.063	1	5.967	0	5.967	1	0.063	1	137.25	15.69
85.1	9.57	111.59	0.033	1	5.953	0	5.953	1	0.033	1	137.25	15.69
85.2	9.37	111.61	0.013	1	5.943	0	5.943	1	0.013	1	137.25	15.69
85.3	9.18	111.62	0.004	1	5.939	0	5.939	1	0.004	1	137.25	15.69
85.4	8.98	111.64	0.006	1	5.941	0	5.941	1	0.006	1	137.25	15.69
85.5	8.79	111.65	0.019	1	5.948	0	5.948	1	0.019	1	137.25	15.69
85.6	8.59	111.67	0.043	1	5.960	0	5.960	1	0.043	1	137.25	15.69
85.7	8.40	111.68	0.077	1	5.978	0	5.978	1	0.077	1	137.25	15.69
85.8	8.20	111.70	0.122	1	6.000	0	6.000	1	0.122	1	137.25	15.69
85.9	8.01	111.71	0.177	1	6.029	0	6.029	1	0.177	1	137.25	15.69
86.0	7.81	111.73	0.241	1	6.062	0	6.062	1	0.241	1	137.25	16.03
86.1	7.62	111.74	0.314	1	6.100	0	6.100	1	0.314	1	137.25	16.03
86.2	7.42	111.75	0.396	1	6.144	0	6.144	1	0.396	1	137.25	16.03
86.3	7.23	111.77	0.485	1	6.192	0	6.192	1	0.485	1	137.25	16.03
86.4	7.03	111.78	0.582	1	6.246	0	6.246	1	0.582	1	137.25	16.03
86.5	6.84	111.79	0.687	1	6.304	0	6.304	1	0.687	1	137.25	16.03
86.6	6.64	111.80	0.797	1	6.366	0	6.366	1	0.797	1	137.25	16.03
86.7	6.45	111.81	0.833	1	6.433	0	6.433	1	0.833	1	137.25	16.03
86.8	6.25	111.83	0.720	1	6.505	0	6.505	1	0.720	1	137.25	16.03
86.9	6.06	111.84	0.613	1	6.580	0	6.580	1	0.613	1	137.25	16.03
87.0	5.86	111.85	0.514	1	6.660	0	6.660	1	0.514	1	137.00	16.84
87.1	5.67	111.86	0.421	1	6.744	0	6.744	1	0.421	1	137.00	16.84
87.2	5.47	111.87	0.337	1	6.831	0	6.831	1	0.337	1	137.00	16.84
87.3	5.28	111.88	0.261	1	6.923	0	6.923	1	0.261	1	137.00	16.84
87.4	5.08	111.88	0.194	1	7.018	0	7.018	1	0.194	1	137.00	16.84
87.5	4.89	111.89	0.136	1	7.116	0	7.116	1	0.136	1	137.00	16.84
87.6	4.69	111.90	0.088	1	7.217	0	7.217	1	0.088	1	137.00	16.84
87.7	4.49	111.91	0.050	1	7.322	0	7.322	1	0.050	1	137.00	16.84
87.8	4.30	111.92	0.023	1	7.430	0	7.430	1	0.023	1	137.00	16.84
87.9	4.10	111.92	0.006	1	7.541	0	7.541	1	0.006	1	137.00	16.84
88.0	3.91	111.93	0.000	1	7.654	0	7.654	1	0.000	1	137.00	17.22
88.1	3.71	111.94	0.006	1	7.771	0	7.771	1	0.006	1	137.00	17.22
88.2	3.52	111.94	0.022	1	7.890	0	7.890	1	0.022	1	137.00	17.22
88.3	3.32	111.95	0.049	1	8.011	0	8.011	1	0.049	1	137.00	17.22
88.4	3.13	111.96	0.086	1	8.135	0	8.135	1	0.086	1	137.00	17.22
88.5	2.93	111.96	0.134	1	8.261	0	8.261	1	0.134	1	137.00	17.22
88.6	2.74	111.97	0.191	1	8.389	0	8.389	1	0.191	1	137.00	17.22
88.7	2.54	111.97	0.258	1	8.520	0	8.520	1	0.258	1	137.00	17.22
88.8	2.35	111.98	0.333	1	8.652	0	8.652	1	0.333	1	137.00	17.22
88.9	2.15	111.98	0.418	1	8.787	0	8.787	1	0.418	1	137.00	17.22
89.0	1.95	111.98	0.510	1	8.923	0	8.923	1	0.510	1	137.25	17.15
89.1	1.76	111.99	0.609	1	9.061	0	9.061	1	0.609	1	137.25	17.15
89.2	1.56	111.99	0.715	1	9.200	0	9.200	1	0.715	1	137.25	17.15
89.3	1.37	111.99	0.828	1	9.342	0	9.342	1	0.828	1	137.25	17.15
89.4	1.17	111.99	0.793	1	9.485	0	9.485	1	0.793	1	137.25	17.15
89.5	0.98	112.00	0.682	1	9.629	0	9.629	1	0.682	1	137.25	17.15
89.6	0.78	112.00	0.578	1	9.775	0	9.775	1	0.578	1	137.25	17.15
89.7	0.59	112.00	0.480	1	9.922	0	9.922	1	0.480	1	137.25	17.15
89.8	0.39	112.00	0.390	1	10.070	0	10.070	1	0.390	1	137.25	17.15
89.9	0.20	112.00	0.309	1	10.220	0	10.220	1	0.309	1	137.25	17.15
90.0	0.00	112.00	0.235	1	10.371	0	10.371	1	0.235	1	137.25	17.12
90.1	-0.20	112.00	0.171	1	10.523	0	10.523	1	0.171	1	137.25	17.12
90.2	-0.39	112.00	0.117	1	10.676	0	10.676	1	0.117	1	137.25	17.12
90.3	-0.59	112.00	0.072	1	10.831	0	10.831	1	0.072	1	137.25	17.12
90.4	-0.78	112.00	0.037	1	10.986	0	10.986	1	0.037	1	137.25	17.12
90.5	-0.98	112.00	0.014	1	11.142	0	11.142	1	0.014	1	137.25	17.12
90.6	-1.17	111.99	0.001	1	11.299	0	11.299	1	0.001	1	137.25	17.12
90.7	-1.37	111.99	-0.002	1	11.458	0	11.458	1	-0.002	1	137.25	17.12
90.8	-1.56	111.99	0.007	1	11.617	0	11.617	1	0.007	1	137.25	17.12
90.9	-1.76	111.99	0.027	1	11.777	0	11.777	1	0.027	1	137.25	17.12
91.0	-1.95	111.98	0.057	1	11.937	0	11.937	1	0.057	1	137.25	16.74
91.1	-2.15	111.98	0.098	1	12.099	0	12.099	1	0.098	1	137.25	16.74
91.2	-2.35	111.98	0.149	1	12.261	0	12.261	1	0.149	1	137.25	16.74
91.3	-2.54	111.97	0.210	1	12.424	0	12.424	1	0.210	1	137.25	16.74
91.4	-2.74	111.97	0.280	1	12.587	0	12.587	1	0.280	1	137.25	16.74
91.5	-2.93	111.96	0.358	1	12.752	0	12.752	1	0.358	1	137.25	16.74
91.6	-3.13	111.96	0.445	1	12.917	0	12.917	1	0.445	1	137.25	16.74
91.7	-3.32	111.95	0.540	1	13.082	0	13.082	1	0.540	1	137.25	16.74
91.8	-3.52	111.94	0.641	1	13.248	0	13.248	1	0.641	1	137.25	16.74
91.9	-3.71	111.94	0.750	1	13.415	0	13.415	1	0.750	1	137.25	16.74
92.0	-3.91	111.93	0.864	1	13.582	0	13.582	1	0.864	1	137.25	16.07
92.1	-4.10	111.92	0.750	1	13.750	0	13.750	1	0.750	1	137.25	16.07
92.2	-4.30	111.92	0.641	1	13.642	0	13.642	1	0.641	1	137.25	16.07
92.3	-4.49	111.91	0.539	1	13.480	0	13.480	1	0.539	1	137.25	16.07
92.4	-4.69	111.90	0.445	1	13.317	0	13.317	1	0.445	1	137.25	16.07
92.5	-4.89	111.89	0.358	1	13.156	0	13.156	1	0.358	1	137.25	16.07
92.6	-5.08	111.88	0.279	1	12.995	0	12.995	1	0.279	1	137.25	16.07
92.7	-5.28	111.88	0.209	1	12.835	0	12.835	1	0.209	1	137.25	16.07
92.8	-5.47	111.87	0.148	1	12.675	0	12.675	1	0.148	1	137.25	16.07
92.9	-5.67	111.86	0.097	1	12.517	0	12.517	1	0.097	1	137.25	16.07
93.0	-5.86	111.85	0.056	1	12.359	0	12.359	1	0.056	1	137.25	14.81
93.1	-6.06	111.84	0.025	1	12.202	0	12.202	1	0.025	1	137.25	14.81
93.2	-6.25	111.83	0.005	1	12.046	0	12.046	1	0.005	1	137.25	14.81
93.3	-6.45	111.81	-0.004	1	11.891	0	11.891	1	-0.004	1	137.25	14.81
93.4	-6.64	111.80	-0.002	1	11.737	0	11.737	1	-0.002	1	137.25	14.81
93.5	-6.84	111.79	0.011	1	11.584	0	11.584	1	0.011	1	137.25	14.81
93.6	-7.03	111.78	0.034	1	11.432	0	11.432	1	0.034	1	137.25	14.81
93.7	-7.23	111.77	0.069	1	11.281	0	11.281	1	0.069	1	137.25	14.81
93.8	-7.42	111.75	0.113	1	11.131	0	11.131	1	0.113	1	137.25	14.81
93.9	-7.62	111.74	0.168	1	10.982	0	10.982	1	0.168	1	137.25	14.81
94.0	-7.81	111.73	0.232	1	10.835	0	10.835	1	0.232	1	137.25	13.71
94.1	-8.01	111.71	0.305	1	10.688	0	10.688	1	0.305	1	137.25	13.71
94.2	-8.20	111.70	0.387	1	10.543	0	10.543	1	0.387	1	137.25	13.71
94.3	-8.40	111.68	0.476	1	10.399	0	10.399	1	0.476	1	137.25	13.71
94.4	-8.59	111.67	0.574	1	10.257	0	10.257	1	0.574	1	137.25	13.71
94.5	-8.79	111.65	0.678	1	10.116	0	10.116	1	0.678	1	137.25	13.71
94.6	-8.98	111.64	0.789	1	9.977	0	9.977	1	0.789	1	137.25	13.71
94.7	-9.18	111.62	0.830	1	9.839	0	9.839	1	0.830	1	137.25	13.71
94.8	-9.37	111.61	0.718	1	9.703	0	9.703	1	0.718	1	137.25	13.71
94.9	-9.57	111.59	0.611	1	9.569	0	9.569	1	0.611	1	137.25	13.71
95.0	-9.76	111.57	0.512	1	9.436	0	9.436	1	0.512	1	137.25	13.44
95.1	-9.96	111.56	0.420	1	9.306	0	9.306	1	0.420	1	137.25	13.44
95.2	-10.15	111.54	0.336	1	9.177	0	9.177	1	0.336	1	137.25	13.44
95.3	-10.35	111.52	0.260	1	9.050	0	9.050	1	0.260	1	137.25	13.44
95.4	-10.54	111.50	0.194	1	8.926	0	8.926	1	0.194	1	137.25	13.44
95.5	-10.73	111.48	0.136	1	8.803	0	8.803	1	0.136	1	137.25	13.44
95.6	-10.93	111.47	0.089	1	8.683	0	8.683	1	0.089	1	137.25	13.44
95.7	-11.12	111.45	0.051	1	8.565	0	8.565	1	0.051	1	137.25	13.44
95.8	-11.32	111.43	0.024	1	8.450	0	8.450	1	0.024	1	137.25	13.44
95.9	-11.51	111.41	0.008	1	8.337	0	8.337	1	0.008	1	137.25	13.44
96.0	-11.71	111.39	0.003	1	8.227	0	8.227	1	0.003	1	137.25	13.20
96.1	-11.90	111.37	0.009	1	8.120	0	8.120	1	0.009	1	137.25	13.20
96.2	-12.10	111.34	0.025	1	8.015	0	8.015	1	0.025	1	137.25	13.20
96.3	-12.29	111.32	0.052	1	7.914	0	7.914	1	0.052	1	137.25	13.20
96.4	-12.48	111.30	0.090	1	7.815	0	7.815	1	0.090	1	137.25	13.20
96.5	-12.68	111.28	0.138	1	7.720	0	7.720	1	0.138	1	137.25	13.20
96.6	-12.87	111.26	0.196	1	7.628	0	7.628	1	0.196	1	137.25	13.20
96.7	-13.07	111.24	0.263	1	7.540	0	7.540	1	0.263	1	137.25	13.20
96.8	-13.26	111.21	0.339	1	7.455	0	7.455	1	0.339	1	137.25	13.20
96.9	-13.46	111.19	0.424	1	7.373	0	7.373	1	0.424	1	137.25	13.20
97.0	-13.65	111.17	0.516	1	7.296	0	7.296	1	0.516	1	137.25	12.31
97.1	-13.84	111.14	0.615	1	7.222	0	7.222	1	0.615	1	137.25	12.31
97.2	-14.04	111.12	0.722	1	7.153	0	7.153	1	0.722	1	137.25	12.31
97.3	-14.23	111.09	0.835	1	7.087	0	7.087	1	0.835	1	137.25	12.31
97.4	-14.43	111.07	0.792	1	7.026	0	7.026	1	0.792	1	137.25	12.31
97.5	-14.62	111.04	0.682	1	6.969	0	6.969	1	0.682	1	137.25	12.31
97.6	-14.81	111.02	0.577	1	6.916	0	6.916	1	0.577	1	137.25	12.31
97.7	-15.01	110.99	0.480	1	6.868	0	6.868	1	0.480	1	137.25	12.31
97.8	-15.20	110.96	0.391	1	6.825	0	6.825	1	0.391	1	137.25	12.31
97.9	-15.39	110.94	0.309	1	6.786	0	6.786	1	0.309	1	137.25	12.31
98.0	-15.59	110.91	0.236	1	6.752	0	6.752	1	0.236	1	137.25	11.75
98.1	-15.78	110.88	0.172	1	6.723	0	6.723	1	0.172	1	137.25	11.75
98.2	-15.97	110.85	0.118	1	6.698	0	6.698	1	0.118	1	137.25	11.75
98.3	-16.17	110.83	0.073	1	6.679	0	6.679	1	0.073	1	137.25	11.75
98.4	-16.36	110.80	0.039	1	6.665	0	6.665	1	0.039	1	137.25	11.75
98.5	-16.55	110.77	0.015	1	6.656	0	6.656	1	0.015	1	137.25	11.75
98.6	-16.75	110.74	0.003	1	6.651	0	6.651	1	0.003	1	137.25	11.75
98.7	-16.94	110.71	0.001	1	6.652	0	6.652	1	0.001	1	137.25	11.75
98.8	-17.13	110.68	0.010	1	6.658	0	6.658	1	0.010	1	137.25	11.75
98.9	-17.33	110.65	0.030	1	6.669	0	6.669	1	0.030	1	137.25	11.75
99.0	-17.52	110.62	0.060	1	6.685	0	6.685	1	0.060	1	133.50	11.70
99.1	-17.71	110.59	0.101	1	6.705	0	6.705	1	0.101	1	133.50	11.70
99.2	-17.91	110.56	0.152	1	6.731	0	6.731	1	0.152	1	133.50	11.70
99.3	-18.10	110.53	0.213	1	6.762	0	6.762	1	0.213	1	133.50	11.70
99.4	-18.29	110.50	0.283	1	6.797	0	6.797	1	0.283	1	133.50	11.70
99.5	-18.49	110.46	0.362	1	6.838	0	6.838	1	0.362	1	133.50	11.70
99.6	-18.68	110.43	0.449	1	6.882	0	6.882	1	0.449	1	133.50	11.70
99.7	-18.87	110.40	0.544	1	6.932	0	6.932	1	0.544	1	133.50	11.70
99.8	-19.06	110.37	0.645	1	6.986	0	6.986	1	0.645	1	133.50	11.70
99.9	-19.26	110.33	0.754	1	7.044	0	7.044	1	0.754	1	133.50	11.70
100.0	-19.45	110.30	0.869	1	7.107	0	7.107	1	0.869	1	133.50	12.52
100.1	-19.64	110.26	0.759	1	7.174	0	7.174	1	0.759	1	133.50	12.52
100.2	-19.83	110.23	0.651	1	7.245	0	7.245	1	0.651	1	133.50	12.52
100.3	-20.03	110.20	0.549	1	7.320	0	7.320	1	0.549	1	133.50	12.52
100.4	-20.22	110.16	0.454	1	7.398	0	7.398	1	0.454	1	133.50	12.52
100.5	-20.41	110.12	0.367	1	7.481	0	7.481	1	0.367	1	133.50	12.52
100.6	-20.60	110.09	0.288	1	7.567	0	7.567	1	0.288	1	133.50	12.52
100.7	-20.79	110.05	0.218	1	7.656	0	7.656	1	0.218	1	133.50	12.52
100.8	-20.99	110.02	0.157	1	7.749	0	7.749	1	0.157	1	133.50	12.52
100.9	-21.18	109.98	0.106	1	7.846	0	7.846	1	0.106	1	133.50	12.52
101.0	-21.37	109.94	0.065	1	7.945	0	7.945	1	0.065	1	133.50	13.27
101.1	-21.56	109.90	0.034	1	8.047	0	8.047	1	0.034	1	133.50	13.27
101.2	-21.75	109.87	0.014	1	8.153	0	8.153	1	0.014	1	133.50	13.27
101.3	-21.95	109.83	0.005	1	8.261	0	8.261	1	0.005	1	133.50	13.27
101.4	-22.14	109.79	0.007	1	8.372	0	8.372	1	0.007	1	133.50	13.27
101.5	-22.33	109.75	0.020	1	8.486	0	8.486	1	0.020	1	133.50	13.27
101.6	-22.52	109.71	0.043	1	8.602	0	8.602	1	0.043	1	133.50	13.27
101.7	-22.71	109.67	0.077	1	8.720	0	8.720	1	0.077	1	133.50	13.27
101.8	-22.90	109.63	0.121	1	8.841	0	8.841	1	0.121	1	133.50	13.27
101.9	-23.09	109.59	0.176	1	8.964	0	8.964	1	0.176	1	133.50	13.27
102.0	-23.29	109.55	0.239	1	9.089	0	9.089	1	0.239	1	135.50	13.61
102.1	-23.48	109.51	0.312	1	9.217	0	9.217	1	0.312	1	135.50	13.61
102.2	-23.67	109.47	0.394	1	9.346	0	9.346	1	0.394	1	135.50	13.61
102.3	-23.86	109.43	0.483	1	9.477	0	9.477	1	0.483	1	135.50	13.61
102.4	-24.05	109.39	0.580	1	9.611	0	9.611	1	0.580	1	135.50	13.61
102.5	-24.24	109.35	0.684	1	9.745	0	9.745	1	0.684	1	135.50	13.61
102.6	-24.43	109.30	0.795	1	9.882	0	9.882	1	0.795	1	135.50	13.61
102.7	-24.62	109.26	0.835	1	10.020	0	10.020	1	0.835	1	135.50	13.61
102.8	-24.81	109.22	0.723	1	10.160	0	10.160	1	0.723	1	135.50	13.61
102.9	-25.00	109.17	0.616	1	10.301	0	10.301	1	0.616	1	135.50	13.61
103.0	-25.19	109.13	0.517	1	10.444	0	10.444	1	0.517	1	137.25	13.40
103.1	-25.38	109.09	0.425	1	10.588	0	10.588	1	0.425	1	137.25	13.40
103.2	-25.58	109.04	0.340	1	10.734	0	10.734	1	0.340	1	137.25	13.40
103.3	-25.77	109.00	0.264	1	10.880	0	10.880	1	0.264	1	137.25	13.40
103.4	-25.96	108.95	0.197	1	11.028	0	11.028	1	0.197	1	137.25	13.40
103.5	-26.15	108.91	0.140	1	11.177	0	11.177	1	0.140	1	137.25	13.40
103.6	-26.34	108.86	0.092	1	11.328	0	11.328	1	0.092	1	137.25	13.40
103.7	-26.53	108.81	0.054	1	11.479	0	11.261	1	0.054	1	137.25	13.40
103.8	-26.72	108.77	0.027	1	11.631	0	11.132	1	0.027	1	137.25	13.40
103.9	-26.91	108.72	0.010	1	11.785	0	11.006	1	0.010	1	137.25	13.40
104.0	-27.10	108.67	0.005	1	11.939	0	10.881	1	0.005	1	137.25	12.82
104.1	-27.28	108.63	0.010	1	12.095	0	10.757	1	0.010	1	137.25	12.82
104.2	-27.47	108.58	0.026	1	12.251	0	10.636	1	0.026	1	137.25	12.82
104.3	-27.66	108.53	0.053	1	12.408	0	10.516	1	0.053	1	137.25	12.82
104.4	-27.85	108.48	0.091	1	12.566	0	10.399	1	0.091	1	137.25	12.82
104.5	-28.04	108.43	0.138	1	12.725	0	10.283	1	0.138	1	137.25	12.82
104.6	-28.23	108.38	0.196	1	12.884	0	10.169	1	0.196	1	137.25	12.82
104.7	-28.42	108.33	0.262	1	13.045	0	10.058	1	0.262	1	137.25	12.82
104.8	-28.61	108.28	0.338	1	13.206	0	9.949	1	0.338	1	137.25	12.82
104.9	-28.80	108.23	0.422	1	13.368	0	9.842	1	0.422	1	137.25	12.82
105.0	-28.99	108.18	0.514	1	13.530	0	9.737	1	0.514	1	137.25	12.96
105.1	-29.18	108.13	0.613	1	13.693	0	9.635	1	0.613	1	137.25	12.96
105.2	-29.37	108.08	0.720	1	13.857	0	9.535	1	0.720	1	137.25	12.96
105.3	-29.55	108.03	0.832	1	14.021	0	9.438	1	0.832	1	137.25	12.96
105.4	-29.74	107.98	0.786	1	14.186	0	9.343	1	0.786	1	137.25	12.96
105.5	-29.93	107.93	0.675	1	14.351	0	9.251	1	0.675	1	137.25	12.96
105.6	-30.12	107.87	0.571	1	14.517	0	9.162	1	0.571	1	137.25	12.96
105.7	-30.31	107.82	0.474	1	14.684	0	9.076	1	0.474	1	137.25	12.96
105.8	-30.50	107.77	0.385	1	14.851	0	8.993	1	0.385	1	137.25	12.96
105.9	-30.68	107.72	0.303	1	15.019	0	8.912	1	0.303	1	137.25	12.96
106.0	-30.87	107.66	0.230	1	15.187	0	8.835	1	0.230	1	137.25	13.26
106.1	-31.06	107.61	0.166	1	15.355	0	8.761	1	0.166	1	137.25	13.26
106.2	-31.25	107.55	0.112	1	15.524	0	8.691	1	0.112	1	137.25	13.26
106.3	-31.43	107.50	0.068	1	15.693	0	8.623	1	0.068	1	137.25	13.26
106.4	-31.62	107.44	0.034	1	15.863	0	8.559	1	0.034	1	137.25	13.26
106.5	-31.81	107.39	0.010	1	16.033	0	8.499	1	0.010	1	137.25	13.26
106.6	-32.00	107.33	-0.002	1	16.204	0	8.442	1	-0.002	1	137.25	13.26
106.7	-32.18	107.28	-0.004	1	16.375	0	8.389	1	-0.004	1	137.25	13.26
106.8	-32.37	107.22	0.005	1	16.546	0	8.339	1	0.005	1	137.25	13.26
106.9	-32.56	107.16	0.025	1	16.670	0	8.294	1	0.025	1	137.25	13.26
107.0	-32.75	107.11	0.056	1	16.489	0	8.252	1	0.056	1	134.25	12.78
107.1	-32.93	107.05	0.098	1	16.309	0	8.214	1	0.098	1	134.25	12.78
107.2	-33.12	106.99	0.149	1	16.128	0	8.179	1	0.149	1	134.25	12.78
107.3	-33.31	106.93	0.210	1	15.948	0	8.149	1	0.210	1	134.25	12.78
107.4	-33.49	106.87	0.280	1	15.768	0	8.123	1	0.280	1	134.25	12.78
107.5	-33.68	106.82	0.359	1	15.589	0	8.101	1	0.359	1	134.25	12.78
107.6	-33.87	106.76	0.446	1	15.409	0	8.083	1	0.446	1	134.25	12.78
107.7	-34.05	106.70	0.541	1	15.230	0	8.069	1	0.541	1	134.25	12.78
107.8	-34.24	106.64	0.643	1	15.051	0	8.059	1	0.643	1	134.25	12.78
107.9	-34.42	106.58	0.752	1	14.872	0	8.053	1	0.752	1	134.25	12.78
108.0	-34.61	106.52	0.867	1	14.694	0	8.052	1	0.867	1	132.75	11.91
108.1	-34.80	106.46	0.753	1	14.516	0	8.054	1	0.753	1	132.75	11.91
108.2	-34.98	106.40	0.644	1	14.338	0	8.061	1	0.644	1	132.75	11.91
108.3	-35.17	106.34	0.542	1	14.161	0	8.072	1	0.542	1	132.75	11.91
108.4	-35.35	106.27	0.448	1	13.983	0	8.087	1	0.448	1	132.75	11.91
108.5	-35.54	106.21	0.361	1	13.806	0	8.106	1	0.361	1	132.75	11.91
108.6	-35.72	106.15	0.282	1	13.630	0	8.130	1	0.282	1	132.75	11.91
108.7	-35.91	106.09	0.212	1	13.454	0	8.157	1	0.212	1	132.75	11.91
108.8	-36.09	106.02	0.151	1	13.278	0	8.188	1	0.151	1	132.75	11.91
108.9	-36.28	105.96	0.100	1	13.102	0	8.223	1	0.100	1	132.75	11.91
109.0	-36.46	105.90	0.059	1	12.927	0	8.262	1	0.059	1	132.25	11.16
109.1	-36.65	105.83	0.028	1	12.753	0	8.305	1	0.028	1	132.25	11.16
109.2	-36.83	105.77	0.008	1	12.578	0	8.352	1	0.008	1	132.25	11.16
109.3	-37.02	105.71	-0.001	1	12.405	0	8.403	1	-0.001	1	132.25	11.16
109.4	-37.20	105.64	0.001	1	12.231	0	8.457	1	0.001	1	132.25	11.16
109.5	-37.39	105.58	0.014	1	12.058	0	8.515	1	0.014	1	132.25	11.16
109.6	-37.57	105.51	0.037	1	11.886	0	8.576	1	0.037	1	132.25	11.16
109.7	-37.75	105.44	0.072	1	11.714	0	8.641	1	0.072	1	132.25	11.16
109.8	-37.94	105.38	0.116	1	11.543	0	8.709	1	0.116	1	132.25	11.16
109.9	-38.12	105.31	0.171	1	11.372	0	8.781	1	0.171	1	132.25	11.16
110.0	-38.31	105.25	0.235	1	11.202	0	8.855	1	0.235	1	132.00	10.43
110.1	-38.49	105.18	0.308	1	11.033	0	8.933	1	0.308	1	132.00	10.43
110.2	-38.67	105.11	0.389	1	10.864	0	9.014	1	0.389	1	132.00	10.43
110.3	-38.86	105.04	0.479	1	10.696	0	9.098	1	0.479	1	132.00	10.43
110.4	-39.04	104.98	0.576	1	10.528	0	9.185	1	0.576	1	132.00	10.43
110.5	-39.22	104.91	0.680	1	10.361	0	9.275	1	0.680	1	132.00	10.43
110.6	-39.41	104.84	0.791	1	10.195	0	9.368	1	0.791	1	132.00	10.43
110.7	-39.59	104.77	0.825	1	10.030	0	9.463	1	0.825	1	132.00	10.43
110.8	-39.77	104.70	0.712	1	9.866	0	9.561	1	0.712	1	132.00	10.43
110.9	-39.95	104.63	0.606	1	9.703	0	9.661	1	0.606	1	132.00	10.43
111.0	-40.14	104.56	0.506	1	9.540	0	9.540	1	0.506	1	132.50	9.90
111.1	-40.32	104.49	0.414	1	9.379	0	9.379	1	0.414	1	132.50	9.90
111.2	-40.50	104.42	0.330	1	9.218	0	9.218	1	0.330	1	132.50	9.90
111.3	-40.68	104.35	0.254	1	9.059	0	9.059	1	0.254	1	132.50	9.90
111.4	-40.87	104.28	0.187	1	8.901	0	8.901	1	0.187	1	132.50	9.90
111.5	-41.05	104.21	0.130	1	8.744	0	8.744	1	0.130	1	132.50	9.90
111.6	-41.23	104.13	0.082	1	8.588	0	8.588	1	0.082	1	132.50	9.90
111.7	-41.41	104.06	0.045	1	8.434	0	8.434	1	0.045	1	132.50	9.90
111.8	-41.59	103.99	0.018	1	8.281	0	8.281	1	0.018	1	132.50	9.90
111.9	-41.77	103.92	0.001	1	8.129	0	8.129	1	0.001	1	132.50	9.90
112.0	-41.96	103.84	-0.004	1	7.979	0	7.979	1	-0.004	1	132.25	9.51
112.1	-42.14	103.77	0.002	1	7.831	0	7.831	1	0.002	1	132.25	9.51
112.2	-42.32	103.70	0.018	1	7.684	0	7.684	1	0.018	1	132.25	9.51
112.3	-42.50	103.62	0.046	1	7.539	0	7.539	1	0.046	1	132.25	9.51
112.4	-42.68	103.55	0.083	1	7.396	0	7.396	1	0.083	1	132.25	9.51
112.5	-42.86	103.47	0.131	1	7.255	0	7.255	1	0.131	1	132.25	9.51
112.6	-43.04	103.40	0.189	1	7.116	0	7.116	1	0.189	1	132.25	9.51
112.7	-43.22	103.32	0.257	1	6.975	0	6.975	1	0.257	1	132.25	9.51
112.8	-43.40	103.25	0.333	1	6.819	0	6.819	1	0.333	1	132.25	9.51
112.9	-43.58	103.17	0.417	1	6.664	0	6.664	1	0.417	1	132.25	9.51
113.0	-43.76	103.10	0.509	1	6.511	0	6.511	1	0.509	1	132.50	8.77
113.1	-43.94	103.02	0.609	1	6.360	0	6.360	1	0.609	1	132.50	8.77
113.2	-44.12	102.94	0.716	1	6.211	0	6.211	1	0.716	1	132.50	8.77
113.3	-44.30	102.87	0.829	1	6.064	0	6.064	1	0.829	1	132.50	8.77
113.4	-44.48	102.79	0.787	1	5.919	0	5.919	1	0.787	1	132.50	8.77
113.5	-44.66	102.71	0.677	1	5.776	0	5.776	1	0.677	1	132.50	8.77
113.6	-44.84	102.63	0.573	1	5.636	0	5.636	1	0.573	1	132.50	8.77
113.7	-45.02	102.55	0.475	1	5.498	0	5.498	1	0.475	1	132.50	8.77
113.8	-45.20	102.48	0.386	1	5.364	0	5.364	1	0.386	1	132.50	8.77
113.9	-45.38	102.40	0.304	1	5.232	0	5.232	1	0.304	1	132.50	8.77
114.0	-45.55	102.32	0.232	1	5.104	0	5.104	1	0.232	1	135.75	8.37
114.1	-45.73	102.24	0.168	1	4.979	0	4.979	1	0.168	1	135.75	8.37
114.2	-45.91	102.16	0.113	1	4.857	0	4.857	1	0.113	1	135.75	8.37
114.3	-46.09	102.08	0.069	1	4.740	0	4.740	1	0.069	1	135.75	8.37
114.4	-46.27	102.00	0.035	1	4.626	0	4.626	1	0.035	1	135.75	8.37
114.5	-46.45	101.92	0.012	1	4.517	0	4.517	1	0.012	1	135.75	8.37
114.6	-46.62	101.83	-0.001	1	4.413	0	4.413	1	-0.001	1	135.75	8.37
114.7	-46.80	101.75	-0.003	1	4.313	0	4.313	1	-0.003	1	135.75	8.37
114.8	-46.98	101.67	0.007	1	4.219	0	4.219	1	0.007	1	135.75	8.37
114.9	-47.16	101.59	0.027	1	4.130	0	4.130	1	0.027	1	135.75	8.37
115.0	-47.33	101.51	0.058	1	4.047	0	4.047	1	0.058	1	136.00	8.22
115.1	-47.51	101.42	0.099	1	3.970	0	3.970	1	0.099	1	136.00	8.22
115.2	-47.69	101.34	0.150	1	3.900	0	3.900	1	0.150	1	136.00	8.22
115.3	-47.86	101.26	0.211	1	3.836	0	3.836	1	0.211	1	136.00	8.22
115.4	-48.04	101.17	0.282	1	3.779	0	3.779	1	0.282	1	136.00	8.22
115.5	-48.22	101.09	0.361	1	3.729	0	3.729	1	0.361	1	136.00	8.22
115.6	-48.39	101.01	0.448	1	3.687	0	3.687	1	0.448	1	136.00	8.22
115.7	-48.57	100.92	0.543	1	3.652	0	3.652	1	0.543	1	136.00	8.22
115.8	-48.75	100.84	0.645	1	3.625	0	3.625	1	0.645	1	136.00	8.22
115.9	-48.92	100.75	0.753	1	3.607	0	3.607	1	0.753	1	136.00	8.22
116.0	-49.10	100.66	0.868	1	3.596	0	3.596	1	0.868	1	136.25	8.98
116.1	-49.27	100.58	0.753	1	3.593	0	3.593	1	0.753	1	136.25	8.98
116.2	-49.45	100.49	0.644	1	3.598	0	3.598	1	0.644	1	136.25	8.98
116.3	-49.62	100.41	0.542	1	3.612	0	3.612	1	0.542	1	136.25	8.98
116.4	-49.80	100.32	0.448	1	3.633	0	3.633	1	0.448	1	136.25	8.98
116.5	-49.97	100.23	0.360	1	3.663	0	3.663	1	0.360	1	136.25	8.98
116.6	-50.15	100.15	0.282	1	3.700	0	3.700	1	0.282	1	136.25	8.98
116.7	-50.32	100.06	0.211	1	3.745	0	3.745	1	0.211	1	136.25	8.98
116.8	-50.50	99.97	0.150	1	3.792	0	3.792	1	0.150	1	136.25	8.98
116.9	-50.67	99.88	0.099	1	3.834	0	3.834	1	0.099	1	136.25	8.98
117.0	-50.85	99.79	0.058	1	3.882	0	3.882	1	0.058	1	136.50	10.25
117.1	-51.02	99.70	0.027	1	3.938	0	3.938	1	0.027	1	136.50	10.25
117.2	-51.19	99.61	0.007	1	4.000	0	4.000	1	0.007	1	136.50	10.25
117.3	-51.37	99.53	-0.002	1	4.069	0	4.069	1	-0.002	1	136.50	10.25
117.4	-51.54	99.44	-0.000	1	4.143	0	4.143	1	-0.000	1	136.50	10.25
117.5	-51.72	99.35	0.012	1	4.224	0	4.224	1	0.012	1	136.50	10.25
117.6	-51.89	99.25	0.036	1	4.310	0	4.310	1	0.036	1	136.50	10.25
117.7	-52.06	99.16	0.070	1	4.401	0	4.401	1	0.070	1	136.50	10.25
117.8	-52.24	99.07	0.114	1	4.498	0	4.498	1	0.114	1	136.50	10.25
117.9	-52.41	98.98	0.169	1	4.599	0	4.599	1	0.169	1	136.50	10.25
118.0	-52.58	98.89	0.233	1	4.704	0	4.704	1	0.233	1	136.75	9.98
118.1	-52.75	98.80	0.305	1	4.814	0	4.814	1	0.305	1	136.75	9.98
118.2	-52.93	98.71	0.387	1	4.929	0	4.929	1	0.387	1	136.75	9.98
118.3	-53.10	98.61	0.477	1	5.046	0	5.046	1	0.477	1	136.75	9.98
118.4	-53.27	98.52	0.574	1	5.168	0	5.168	1	0.574	1	136.75	9.98
118.5	-53.44	98.43	0.678	1	5.293	0	5.293	1	0.678	1	136.75	9.98
118.6	-53.61	98.33	0.788	1	5.421	0	5.421	1	0.788	1	136.75	9.98
118.7	-53.79	98.24	0.829	1	5.532	0	5.532	1	0.829	1	136.75	9.98
118.8	-53.96	98.15	0.716	1	5.627	0	5.627	1	0.716	1	136.75	9.98
118.9	-54.13	98.05	0.610	1	5.725	0	5.725	1	0.610	1	136.75	9.98
119.0	-54.30	97.96	0.510	1	5.827	0	5.827	1	0.510	1	136.75	9.42
119.1	-54.47	97.86	0.418	1	5.933	0	5.933	1	0.418	1	136.75	9.42
119.2	-54.64	97.77	0.333	1	6.042	0	6.042	1	0.333	1	136.75	9.42
119.3	-54.81	97.67	0.257	1	6.155	0	6.155	1	0.257	1	136.75	9.42
119.4	-54.98	97.58	0.190	1	6.271	0	6.271	1	0.190	1	136.75	9.42
119.5	-55.15	97.48	0.133	1	6.390	0	6.390	1	0.133	1	136.75	9.42
119.6	-55.32	97.38	0.085	1	6.512	0	6.512	1	0.085	1	136.75	9.42
119.7	-55.49	97.29	0.047	1	6.636	0	6.636	1	0.047	1	136.75	9.42
119.8	-55.66	97.19	0.020	1	6.763	0	6.763	1	0.020	1	136.75	9.42
119.9	-55.83	97.09	0.003	1	6.893	0	6.893	1	0.003	1	136.75	9.42
120.0	-56.00	96.99	-0.002	1	7.025	0	7.025	1	-0.002	1	137.00	8.64
120.1	-56.17	96.90	0.003	1	7.160	0	7.160	1	0.003	1	137.00	8.64
120.2	-56.34	96.80	0.020	1	7.296	0	7.296	1	0.020	1	137.00	8.64
120.3	-56.51	96.70	0.047	1	7.435	0	7.435	1	0.047	1	137.00	8.64
120.4	-56.68	96.60	0.084	1	7.575	0	7.575	1	0.084	1	137.00	8.64
120.5	-56.84	96.50	0.132	1	7.718	0	7.718	1	0.132	1	137.00	8.64
120.6	-57.01	96.40	0.190	1	7.862	0	7.862	1	0.190	1	137.00	8.64
120.7	-57.18	96.30	0.257	1	8.008	0	8.008	1	0.257	1	137.00	8.64
120.8	-57.35	96.20	0.332	1	8.155	0	8.155	1	0.332	1	137.00	8.64
120.9	-57.52	96.10	0.417	1	8.304	0	8.304	1	0.417	1	137.00	8.64
121.0	-57.68	96.00	0.509	1	8.455	0	8.455	1	0.509	1	137.25	8.26
121.1	-57.85	95.90	0.608	1	8.607	0	8.607	1	0.608	1	137.25	8.26
121.2	-58.02	95.80	0.715	1	8.760	0	8.760	1	0.715	1	137.25	8.26
121.3	-58.19	95.70	0.827	1	8.915	0	8.915	1	0.827	1	137.25	8.26
121.4	-58.35	95.60	0.794	1	9.070	0	9.070	1	0.794	1	137.25	8.26
121.5	-58.52	95.50	0.683	1	9.227	0	9.227	1	0.683	1	137.25	8.26
121.6	-58.69	95.39	0.579	1	9.385	0	9.385	1	0.579	1	137.25	8.26
121.7	-58.85	95.29	0.482	1	9.544	0	9.544	1	0.482	1	137.25	8.26
121.8	-59.02	95.19	0.392	1	9.704	0	9.704	1	0.392	1	137.25	8.26
121.9	-59.19	95.08	0.310	1	9.865	0	9.865	1	0.310	1	137.25	8.26
122.0	-59.35	94.98	0.237	1	10.027	0	10.027	1	0.237	1	136.50	6.10
122.1	-59.52	94.88	0.172	1	10.190	0	10.190	1	0.172	1	136.50	6.10
122.2	-59.68	94.77	0.118	1	10.353	0	10.353	1	0.118	1	136.50	6.10
122.3	-59.85	94.67	0.073	1	10.518	0	10.518	1	0.073	1	136.50	6.10
122.4	-60.01	94.56	0.038	1	10.683	0	10.683	1	0.038	1	136.50	6.10
122.5	-60.18	94.46	0.014	1	10.849	0	10.849	1	0.014	1	136.50	6.10
122.6	-60.34	94.35	0.001	1	11.015	0	11.015	1	0.001	1	136.50	6.10
122.7	-60.51	94.25	-0.001	1	11.183	0	11.183	1	-0.001	1	136.50	6.10
122.8	-60.67	94.14	0.008	1	11.350	0	11.350	1	0.008	1	136.50	6.10
122.9	-60.84	94.04	0.027	1	11.519	0	11.519	1	0.027	1	136.50	6.10
123.0	-61.00	93.93	0.058	1	11.688	0	11.688	1	0.058	1	135.00	2.55
123.1	-61.16	93.82	0.098	1	11.858	0	11.858	1	0.098	1	135.00	2.55
123.2	-61.33	93.72	0.149	1	12.028	0	12.028	1	0.149	1	135.00	2.55
123.3	-61.49	93.61	0.210	1	12.199	0	12.199	1	0.210	1	135.00	2.55
123.4	-61.65	93.50	0.279	1	12.370	0	12.370	1	0.279	1	135.00	2.55
123.5	-61.82	93.40	0.358	1	12.542	0	12.542	1	0.358	1	135.00	2.55
123.6	-61.98	93.29	0.445	1	12.714	0	12.714	1	0.445	1	135.00	2.55
123.7	-62.14	93.18	0.539	1	12.887	0	12.887	1	0.539	1	135.00	2.55
123.8	-62.31	93.07	0.641	1	13.060	0	13.060	1	0.641	1	135.00	2.55
123.9	-62.47	92.96	0.749	1	13.234	0	13.124	1	0.749	1	135.00	2.55
124.0	-62.63	92.85	0.864	1	13.408	0	13.011	1	0.864	1	100.00	2.23
124.1	-62.79	92.74	0.760	1	13.582	0	12.899	1	0.760	1	100.00	2.23
124.2	-62.95	92.63	0.651	1	13.757	0	12.787	1	0.651	1	100.00	2.23
124.3	-63.11	92.52	0.550	1	13.932	0	12.677	1	0.550	1	100.00	2.23
124.4	-63.28	92.41	0.455	1	14.107	0	12.568	1	0.455	1	100.00	2.23
124.5	-63.44	92.30	0.368	1	14.283	0	12.459	1	0.368	1	100.00	2.23
124.6	-63.60	92.19	0.289	1	14.459	0	12.352	1	0.289	1	100.00	2.23
124.7	-63.76	92.08	0.219	1	14.636	0	12.246	1	0.219	1	100.00	2.23
124.8	-63.92	91.97	0.158	1	14.812	0	12.141	1	0.158	1	100.00	2.23
124.9	-64.08	91.86	0.107	1	14.990	0	12.037	1	0.107	1	100.00	2.23
125.0	-64.24	91.75	0.066	1	15.167	0	11.934	1	0.066	1	100.00	2.54
125.1	-64.40	91.63	0.035	1	15.344	0	11.832	1	0.035	1	100.00	2.54
125.2	-64.56	91.52	0.015	1	15.522	0	11.732	1	0.015	1	100.00	2.54
125.3	-64.72	91.41	0.006	1	15.700	0	11.633	1	0.006	1	100.00	2.54
125.4	-64.88	91.29	0.008	1	15.879	0	11.534	1	0.008	1	100.00	2.54
125.5	-65.04	91.18	0.021	1	16.057	0	11.437	1	0.021	1	100.00	2.54
125.6	-65.20	91.07	0.044	1	16.236	0	11.342	1	0.044	1	100.00	2.54
125.7	-65.36	90.95	0.078	1	16.415	0	11.247	1	0.078	1	100.00	2.54
125.8	-65.52	90.84	0.122	1	16.594	0	11.154	1	0.122	1	100.00	2.54
125.9	-65.67	90.72	0.176	1	16.774	0	11.062	1	0.176	1	100.00	2.54
126.0	-65.83	90.61	0.240	1	16.953	0	10.972	1	0.240	1	100.00	2.57
126.1	-65.99	90.49	0.313	1	17.133	0	10.882	1	0.313	1	100.00	2.57
126.2	-66.15	90.38	0.394	1	17.313	0	10.794	1	0.394	1	100.00	2.57
126.3	-66.31	90.26	0.484	1	17.493	0	10.708	1	0.484	1	100.00	2.57
126.4	-66.46	90.15	0.581	1	17.674	0	10.623	1	0.581	1	100.00	2.57
126.5	-66.62	90.03	0.685	1	17.854	0	10.539	1	0.685	1	100.00	2.57
126.6	-66.78	89.92	0.795	1	18.035	0	10.457	1	0.795	1	100.00	2.57
126.7	-66.93	89.80	0.828	1	18.216	0	10.318	1	0.828	1	100.00	2.57
126.8	-67.09	89.68	0.716	1	18.397	0	10.172	1	0.716	1	100.00	2.57
126.9	-67.25	89.56	0.609	1	18.578	0	10.027	1	0.609	1	100.00	2.57
127.0	-67.40	89.45	0.509	1	18.759	0	9.883	1	0.509	1	101.50	2.33
127.1	-67.56	89.33	0.417	1	18.941	0	9.740	1	0.417	1	101.50	2.33
127.2	-67.72	89.21	0.333	1	19.122	0	9.597	1	0.333	1	101.50	2.33
127.3	-67.87	89.09	0.257	1	19.304	0	9.455	1	0.257	1	101.50	2.33
127.4	-68.03	88.97	0.189	1	19.486	0	9.314	1	0.189	1	101.50	2.33
127.5	-68.18	88.86	0.132	1	19.668	0	9.174	1	0.132	1	101.50	2.33
127.6	-68.34	88.74	0.084	1	19.850	0	9.035	1	0.084	1	101.50	2.33
127.7	-68.49	88.62	0.046	1	20.032	0	8.897	1	0.046	1	101.50	2.33
127.8	-68.65	88.50	0.019	1	20.214	0	8.760	1	0.019	1	101.50	2.33
127.9	-68.80	88.38	0.002	1	20.397	0	8.623	1	0.002	1	101.50	2.33
128.0	-68.95	88.26	-0.003	1	20.579	0	8.488	1	-0.003	1	100.25	1.94
128.1	-69.11	88.14	0.002	1	20.762	0	8.354	1	0.002	1	100.25	1.94
128.2	-69.26	88.02	0.018	1	20.945	0	8.220	1	0.018	1	100.25	1.94
128.3	-69.42	87.89	0.045	1	21.128	0	8.088	1	0.045	1	100.25	1.94
128.4	-69.57	87.77	0.083	1	21.310	0	7.957	1	0.083	1	100.25	1.94
128.5	-69.72	87.65	0.131	1	21.493	0	7.827	1	0.131	1	100.25	1.94
128.6	-69.87	87.53	0.188	1	21.677	0	7.698	1	0.188	1	100.25	1.94
128.7	-70.03	87.41	0.255	1	21.860	0	7.570	1	0.255	1	100.25	1.94
128.8	-70.18	87.29	0.331	1	22.043	0	7.444	1	0.331	1	100.25	1.94
128.9	-70.33	87.16	0.415	1	22.226	0	7.318	1	0.415	1	100.25	1.94
129.0	-70.48	87.04	0.507	1	22.410	0	7.194	1	0.507	1	100.50	1.51
129.1	-70.64	86.92	0.607	1	22.593	0	7.072	1	0.607	1	100.50	1.51
129.2	-70.79	86.79	0.713	1	22.777	0	6.950	1	0.713	1	100.50	1.51
129.3	-70.94	86.67	0.826	1	22.961	0	6.830	1	0.826	1	100.50	1.51
129.4	-71.09	86.55	0.789	1	23.144	0	6.712	1	0.789	1	100.50	1.51
129.5	-71.24	86.42	0.678	1	23.328	0	6.595	1	0.678	1	100.50	1.51
129.6	-71.39	86.30	0.574	1	23.512	0	6.479	1	0.574	1	100.50	1.51
129.7	-71.54	86.17	0.477	1	23.696	0	6.365	1	0.477	1	100.50	1.51
129.8	-71.69	86.05	0.387	1	23.880	0	6.252	1	0.387	1	100.50	1.51
129.9	-71.84	85.92	0.305	1	24.064	0	6.141	1	0.305	1	100.50	1.51
130.0	-71.99	85.80	0.232	1	24.248	0	6.032	1	0.232	1	103.75	1.10
130.1	-72.14	85.67	0.168	1	24.432	0	5.924	1	0.168	1	103.75	1.10
130.2	-72.29	85.55	0.114	1	24.616	0	5.819	1	0.114	1	103.75	1.10
130.3	-72.44	85.42	0.069	1	24.801	0	5.714	1	0.069	1	103.75	1.10
130.4	-72.59	85.29	0.035	1	24.985	0	5.612	1	0.035	1	103.75	1.10
130.5	-72.74	85.17	0.011	1	25.169	0	5.511	1	0.011	1	103.75	1.10
130.6	-72.89	85.04	-0.002	1	25.354	0	5.413	1	-0.002	1	103.75	1.10
130.7	-73.04	84.91	-0.004	1	25.538	0	5.316	1	-0.004	1	103.75	1.10
130.8	-73.18	84.78	0.005	1	25.723	0	5.221	1	0.005	1	103.75	1.10
130.9	-73.33	84.66	0.025	1	25.907	0	5.129	1	0.025	1	103.75	1.10
131.0	-73.48	84.53	0.056	1	26.092	0	5.038	1	0.056	1	105.75	0.66
131.1	-73.63	84.40	0.097	1	26.276	0	4.950	1	0.097	1	105.75	0.66
131.2	-73.77	84.27	0.148	1	26.461	0	4.863	1	0.148	1	105.75	0.66
131.3	-73.92	84.14	0.209	1	26.646	0	4.779	1	0.209	1	105.75	0.66
131.4	-74.07	84.01	0.279	1	26.830	0	4.697	1	0.279	1	105.75	0.66
131.5	-74.21	83.88	0.358	1	27.015	0	4.618	1	0.358	1	105.75	0.66
131.6	-74.36	83.75	0.445	1	27.200	0	4.541	1	0.445	1	105.75	0.66
131.7	-74.51	83.62	0.539	1	27.385	0	4.466	1	0.539	1	105.75	0.66
131.8	-74.65	83.49	0.641	1	27.570	0	4.393	1	0.641	1	105.75	0.66
131.9	-74.80	83.36	0.750	1	27.755	0	4.323	1	0.750	1	105.75	0.66
132.0	-74.94	83.23	0.865	1	27.939	0	4.256	1	0.865	1	100.00	0.37
132.1	-75.09	83.10	0.754	1	28.124	0	4.191	1	0.754	1	100.00	0.37
132.2	-75.23	82.97	0.645	1	28.309	0	4.129	1	0.645	1	100.00	0.37
132.3	-75.38	82.84	0.543	1	28.494	0	4.070	1	0.543	1	100.00	0.37
132.4	-75.52	82.71	0.448	1	28.679	0	4.013	1	0.448	1	100.00	0.37
132.5	-75.67	82.58	0.361	1	28.864	0	3.959	1	0.361	1	100.00	0.37
132.6	-75.81	82.44	0.282	1	29.050	0	3.907	1	0.282	1	100.00	0.37
132.7	-75.95	82.31	0.212	1	29.235	0	3.859	1	0.212	1	100.00	0.37
132.8	-76.10	82.18	0.151	1	29.420	0	3.813	1	0.151	1	100.00	0.37
132.9	-76.24	82.04	0.099	1	29.605	0	3.770	1	0.099	1	100.00	0.37
133.0	-76.38	81.91	0.058	1	29.790	0	3.731	1	0.058	1	104.25	0.23
133.1	-76.53	81.78	0.027	1	29.975	0	3.694	1	0.027	1	104.25	0.23
133.2	-76.67	81.64	0.007	1	29.825	0	3.660	1	0.007	1	104.25	0.23
133.3	-76.81	81.51	-0.002	1	29.639	0	3.629	1	-0.002	1	104.25	0.23
133.4	-76.95	81.38	-0.001	1	29.452	0	3.601	1	-0.001	1	104.25	0.23
133.5	-77.10	81.24	0.012	1	29.266	0	3.576	1	0.012	1	104.25	0.23
133.6	-77.24	81.11	0.035	1	29.079	0	3.555	1	0.035	1	104.25	0.23
133.7	-77.38	80.97	0.069	1	28.893	0	3.536	1	0.069	1	104.25	0.23
133.8	-77.52	80.84	0.114	1	28.706	0	3.520	1	0.114	1	104.25	0.23
133.9	-77.66	80.70	0.168	1	28.520	0	3.508	1	0.168	1	104.25	0.23
134.0	-77.80	80.57	0.232	1	28.334	0	3.499	1	0.232	1	105.50	0.17
134.1	-77.94	80.43	0.305	1	28.147	0	3.493	1	0.305	1	105.50	0.17
134.2	-78.08	80.29	0.386	1	27.961	0	3.490	1	0.386	1	105.50	0.17
134.3	-78.22	80.16	0.476	1	27.774	0	3.490	1	0.476	1	105.50	0.17
134.4	-78.36	80.02	0.573	1	27.588	0	3.493	1	0.573	1	105.50	0.17
134.5	-78.50	79.88	0.677	1	27.402	0	3.500	1	0.677	1	105.50	0.17
134.6	-78.64	79.75	0.787	1	27.215	0	3.510	1	0.787	1	105.50	0.17
134.7	-78.78	79.61	0.834	1	27.029	0	3.522	1	0.834	1	105.50	0.17
134.8	-78.92	79.47	0.721	1	26.843	0	3.538	1	0.721	1	105.50	0.17
134.9	-79.06	79.33	0.615	1	26.657	0	3.557	1	0.615	1	105.50	0.17
135.0	-79.20	79.20	0.515	1	26.470	0	3.579	1	0.515	1	106.00	0.14
135.1	-79.33	79.06	0.423	1	26.284	0	3.605	1	0.423	1	106.00	0.14
135.2	-79.47	78.92	0.338	1	26.098	0	3.633	1	0.338	1	106.00	0.14
135.3	-79.61	78.78	0.262	1	25.912	0	3.664	1	0.262	1	106.00	0.14
135.4	-79.75	78.64	0.195	1	25.726	0	3.699	1	0.195	1	106.00	0.14
135.5	-79.88	78.50	0.137	1	25.540	0	3.736	1	0.137	1	106.00	0.14
135.6	-80.02	78.36	0.089	1	25.354	0	3.776	1	0.089	1	106.00	0.14
135.7	-80.16	78.22	0.051	1	25.168	0	3.819	1	0.051	1	106.00	0.14
135.8	-80.29	78.08	0.024	1	24.982	0	3.865	1	0.024	1	106.00	0.14
135.9	-80.43	77.94	0.007	1	24.796	0	3.914	1	0.007	1	106.00	0.14
136.0	-80.57	77.80	0.001	1	24.610	0	3.966	1	0.001	1	105.50	0.14
136.1	-80.70	77.66	0.007	1	24.424	0	4.020	1	0.007	1	105.50	0.14
136.2	-80.84	77.52	0.023	1	24.238	0	4.078	1	0.023	1	105.50	0.14
136.3	-80.97	77.38	0.050	1	24.052	0	4.137	1	0.050	1	105.50	0.14
136.4	-81.11	77.24	0.087	1	23.866	0	4.200	1	0.087	1	105.50	0.14
136.5	-81.24	77.10	0.134	1	23.681	0	4.265	1	0.134	1	105.50	0.14
136.6	-81.38	76.95	0.192	1	23.495	0	4.333	1	0.192	1	105.50	0.14
136.7	-81.51	76.81	0.259	1	23.309	0	4.403	1	0.259	1	105.50	0.14
136.8	-81.64	76.67	0.334	1	23.124	0	4.476	1	0.334	1	105.50	0.14
136.9	-81.78	76.53	0.418	1	22.938	0	4.551	1	0.418	1	105.50	0.14
137.0	-81.91	76.38	0.510	1	22.753	0	4.629	1	0.510	1	129.75	0.32
137.1	-82.04	76.24	0.610	1	22.567	0	4.708	1	0.610	1	129.75	0.32
137.2	-82.18	76.10	0.716	1	22.382	0	4.791	1	0.716	1	129.75	0.32
137.3	-82.31	75.95	0.828	1	22.197	0	4.875	1	0.828	1	129.75	0.32
137.4	-82.44	75.81	0.790	1	22.011	0	4.962	1	0.790	1	129.75	0.32
137.5	-82.58	75.67	0.680	1	21.826	0	5.050	1	0.680	1	129.75	0.32
137.6	-82.71	75.52	0.576	1	21.641	0	5.141	1	0.576	1	129.75	0.32
137.7	-82.84	75.38	0.479	1	21.456	0	5.234	1	0.479	1	129.75	0.32
137.8	-82.97	75.23	0.390	1	21.271	0	5.329	1	0.390	1	129.75	0.32
137.9	-83.10	75.09	0.308	1	21.086	0	5.426	1	0.308	1	129.75	0.32
138.0	-83.23	74.94	0.235	1	20.901	0	5.525	1	0.235	1	128.00	1.05
138.1	-83.36	74.80	0.172	1	20.716	0	5.626	1	0.172	1	128.00	1.05
138.2	-83.49	74.65	0.117	1	20.532	0	5.729	1	0.117	1	128.00	1.05
138.3	-83.62	74.51	0.073	1	20.347	0	5.833	1	0.073	1	128.00	1.05
138.4	-83.75	74.36	0.039	1	20.163	0	5.939	1	0.039	1	128.00	1.05
138.5	-83.88	74.21	0.016	1	19.978	0	6.047	1	0.016	1	128.00	1.05
138.6	-84.01	74.07	0.003	1	19.794	0	6.157	1	0.003	1	128.00	1.05
138.7	-84.14	73.92	0.002	1	19.609	0	6.268	1	0.002	1	128.00	1.05
138.8	-84.27	73.77	0.011	1	19.425	0	6.380	1	0.011	1	128.00	1.05
138.9	-84.40	73.63	0.031	1	19.241	0	6.495	1	0.031	1	128.00	1.05
139.0	-84.53	73.48	0.062	1	19.057	0	6.611	1	0.062	1	128.00	1.53
139.1	-84.66	73.33	0.103	1	18.873	0	6.728	1	0.103	1	128.00	1.53
139.2	-84.78	73.18	0.154	1	18.690	0	6.847	1	0.154	1	128.00	1.53
139.3	-84.91	73.04	0.215	1	18.506	0	6.967	1	0.215	1	128.00	1.53
139.4	-85.04	72.89	0.286	1	18.322	0	7.088	1	0.286	1	128.00	1.53
139.5	-85.17	72.74	0.364	1	18.139	0	7.211	1	0.364	1	128.00	1.53
139.6	-85.29	72.59	0.452	1	17.956	0	7.335	1	0.452	1	128.00	1.53
139.7	-85.42	72.44	0.546	1	17.772	0	7.461	1	0.546	1	128.00	1.53
139.8	-85.55	72.29	0.648	1	17.589	0	7.588	1	0.648	1	128.00	1.53
139.9	-85.67	72.14	0.757	1	17.406	0	7.715	1	0.757	1	128.00	1.53
140.0	-85.80	71.99	0.869	1	17.224	0	7.845	1	0.869	1	128.25	1.78
140.1	-85.92	71.84	0.755	1	17.041	0	7.975	1	0.755	1	128.25	1.78
140.2	-86.05	71.69	0.646	1	16.858	0	8.106	1	0.646	1	128.25	1.78
140.3	-86.17	71.54	0.545	1	16.676	0	8.238	1	0.545	1	128.25	1.78
140.4	-86.30	71.39	0.450	1	16.494	0	8.372	1	0.450	1	128.25	1.78
140.5	-86.42	71.24	0.363	1	16.312	0	8.506	1	0.363	1	128.25	1.78
140.6	-86.55	71.09	0.285	1	16.130	0	8.642	1	0.285	1	128.25	1.78
140.7	-86.67	70.94	0.215	1	15.948	0	8.778	1	0.215	1	128.25	1.78
140.8	-86.79	70.79	0.154	1	15.767	0	8.850	1	0.154	1	128.25	1.78
140.9	-86.92	70.64	0.104	1	15.586	0	8.716	1	0.104	1	128.25	1.78
141.0	-87.04	70.48	0.063	1	15.404	0	8.583	1	0.063	1	127.75	1.82
141.1	-87.16	70.33	0.032	1	15.223	0	8.453	1	0.032	1	127.75	1.82
141.2	-87.29	70.18	0.012	1	15.043	0	8.324	1	0.012	1	127.75	1.82
141.3	-87.41	70.03	0.003	1	14.862	0	8.198	1	0.003	1	127.75	1.82
141.4	-87.53	69.87	0.005	1	14.682	0	8.074	1	0.005	1	127.75	1.82
141.5	-87.65	69.72	0.018	1	14.502	0	7.952	1	0.018	1	127.75	1.82
141.6	-87.77	69.57	0.042	1	14.322	0	7.833	1	0.042	1	127.75	1.82
141.7	-87.89	69.42	0.076	1	14.143	0	7.716	1	0.076	1	127.75	1.82
141.8	-88.02	69.26	0.121	1	13.964	0	7.602	1	0.121	1	127.75	1.82
141.9	-88.14	69.11	0.176	1	13.785	0	7.490	1	0.176	1	127.75	1.82
142.0	-88.26	68.95	0.240	1	13.606	0	7.382	1	0.240	1	127.50	1.68
142.1	-88.38	68.80	0.313	1	13.427	0	7.276	1	0.313	1	127.50	1.68
142.2	-88.50	68.65	0.394	1	13.249	0	7.174	1	0.394	1	127.50	1.68
142.3	-88.62	68.49	0.484	1	13.072	0	7.075	1	0.484	1	127.50	1.68
142.4	-88.74	68.34	0.581	1	12.894	0	6.979	1	0.581	1	127.50	1.68
142.5	-88.86	68.18	0.685	1	12.717	0	6.886	1	0.685	1	127.50	1.68
142.6	-88.97	68.03	0.796	1	12.540	0	6.797	1	0.796	1	127.50	1.68
142.7	-89.09	67.87	0.828	1	12.364	0	6.712	1	0.828	1	127.50	1.68
142.8	-89.21	67.72	0.715	1	12.188	0	6.630	1	0.715	1	127.50	1.68
142.9	-89.33	67.56	0.609	1	12.012	0	6.553	1	0.609	1	127.50	1.68
143.0	-89.45	67.40	0.509	1	11.837	0	6.480	1	0.509	1	126.75	1.36
143.1	-89.56	67.25	0.417	1	11.663	0	6.411	1	0.417	1	126.75	1.36
143.2	-89.68	67.09	0.333	1	11.488	0	6.346	1	0.333	1	126.75	1.36
143.3	-89.80	66.93	0.257	1	11.315	0	6.285	1	0.257	1	126.75	1.36
143.4	-89.92	66.78	0.190	1	11.141	0	6.230	1	0.190	1	126.75	1.36
143.5	-90.03	66.62	0.133	1	10.969	0	6.178	1	0.133	1	126.75	1.36
143.6	-90.15	66.46	0.085	1	10.797	0	6.132	1	0.085	1	126.75	1.36
143.7	-90.26	66.31	0.048	1	10.625	0	6.091	1	0.048	1	126.75	1.36
143.8	-90.38	66.15	0.021	1	10.454	0	6.054	1	0.021	1	126.75	1.36
143.9	-90.49	65.99	0.005	1	10.284	0	6.023	1	0.005	1	126.75	1.36
144.0	-90.61	65.83	-0.001	1	10.114	0	5.996	1	-0.001	1	127.25	0.99
144.1	-90.72	65.67	0.005	1	9.945	0	5.975	1	0.005	1	127.25	0.99
144.2	-90.84	65.52	0.021	1	9.776	0	5.959	1	0.021	1	127.25	0.99
144.3	-90.95	65.36	0.049	1	9.609	0	5.948	1	0.049	1	127.25	0.99
144.4	-91.07	65.20	0.087	1	9.442	0	5.943	1	0.087	1	127.25	0.99
144.5	-91.18	65.04	0.135	1	9.276	0	5.943	1	0.135	1	127.25	0.99
144.6	-91.29	64.88	0.192	1	9.111	0	5.948	1	0.192	1	127.25	0.99
144.7	-91.41	64.72	0.259	1	8.947	0	5.958	1	0.259	1	127.25	0.99
144.8	-91.52	64.56	0.336	1	8.784	0	5.974	1	0.336	1	127.25	0.99
144.9	-91.63	64.40	0.420	1	8.622	0	5.995	1	0.420	1	127.25	0.99
145.0	-91.75	64.24	0.512	1	8.461	0	6.021	1	0.512	1	100.00	1.03
145.1	-91.86	64.08	0.612	1	8.301	0	6.052	1	0.612	1	100.00	1.03
145.2	-91.97	63.92	0.718	1	8.142	0	6.088	1	0.718	1	100.00	1.03
145.3	-92.08	63.76	0.831	1	7.984	0	6.129	1	0.831	1	100.00	1.03
145.4	-92.19	63.60	0.789	1	7.828	0	6.175	1	0.789	1	100.00	1.03
145.5	-92.30	63.44	0.679	1	7.668	0	6.226	1	0.679	1	100.00	1.03
145.6	-92.41	63.28	0.574	1	7.508	0	6.281	1	0.574	1	100.00	1.03
145.7	-92.52	63.11	0.477	1	7.349	0	6.341	1	0.477	1	100.00	1.03
145.8	-92.63	62.95	0.387	1	7.191	0	6.406	1	0.387	1	100.00	1.03
145.9	-92.74	62.79	0.306	1	7.035	0	6.475	1	0.306	1	100.00	1.03
146.0	-92.85	62.63	0.233	1	6.881	0	6.548	1	0.233	1	133.25	1.35
146.1	-92.96	62.47	0.169	1	6.728	0	6.625	1	0.169	1	133.25	1.35
146.2	-93.07	62.31	0.114	1	6.577	0	6.577	1	0.114	1	133.25	1.35
146.3	-93.18	62.14	0.069	1	6.428	0	6.428	1	0.069	1	133.25	1.35
146.4	-93.29	61.98	0.035	1	6.281	0	6.281	1	0.035	1	133.25	1.35
146.5	-93.40	61.82	0.012	1	6.136	0	6.136	1	0.012	1	133.25	1.35
146.6	-93.50	61.65	-0.001	1	5.993	0	5.993	1	-0.001	1	133.25	1.35
146.7	-93.61	61.49	-0.003	1	5.853	0	5.853	1	-0.003	1	133.25	1.35
146.8	-93.72	61.33	0.006	1	5.715	0	5.715	1	0.006	1	133.25	1.35
146.9	-93.82	61.16	0.026	1	5.580	0	5.580	1	0.026	1	133.25	1.35
147.0	-93.93	61.00	0.056	1	5.447	0	5.447	1	0.056	1	134.50	3.33
147.1	-94.04	60.84	0.097	1	5.318	0	5.318	1	0.097	1	134.50	3.33
147.2	-94.14	60.67	0.149	1	5.192	0	5.192	1	0.149	1	134.50	3.33
147.3	-94.25	60.51	0.209	1	5.069	0	5.069	1	0.209	1	134.50	3.33
147.4	-94.35	60.34	0.279	1	4.950	0	4.950	1	0.279	1	134.50	3.33
147.5	-94.46	60.18	0.358	1	4.834	0	4.834	1	0.358	1	134.50	3.33
147.6	-94.56	60.01	0.445	1	4.723	0	4.723	1	0.445	1	134.50	3.33
147.7	-94.67	59.85	0.540	1	4.616	0	4.616	1	0.540	1	134.50	3.33
147.8	-94.77	59.68	0.642	1	4.513	0	4.513	1	0.642	1	134.50	3.33
147.9	-94.88	59.52	0.750	1	4.416	0	4.416	1	0.750	1	134.50	3.33
148.0	-94.98	59.35	0.865	1	4.323	0	4.323	1	0.865	1	136.00	5.88
148.1	-95.08	59.19	0.751	1	4.236	0	4.236	1	0.751	1	136.00	5.88
148.2	-95.19	59.02	0.642	1	4.155	0	4.155	1	0.642	1	136.00	5.88
148.3	-95.29	58.85	0.541	1	4.079	0	4.079	1	0.541	1	136.00	5.88
148.4	-95.39	58.69	0.446	1	4.009	0	4.009	1	0.446	1	136.00	5.88
148.5	-95.50	58.52	0.359	1	3.946	0	3.946	1	0.359	1	136.00	5.88
148.6	-95.60	58.35	0.280	1	3.890	0	3.890	1	0.280	1	136.00	5.88
148.7	-95.70	58.19	0.210	1	3.841	0	3.841	1	0.210	1	136.00	5.88
148.8	-95.80	58.02	0.149	1	3.798	0	3.798	1	0.149	1	136.00	5.88
148.9	-95.90	57.85	0.098	1	3.763	0	3.763	1	0.098	1	136.00	5.88
149.0	-96.00	57.68	0.057	1	3.736	0	3.736	1	0.057	1	137.50	8.16
149.1	-96.10	57.52	0.026	1	3.716	0	3.716	1	0.026	1	137.50	8.16
149.2	-96.20	57.35	0.006	1	3.703	0	3.703	1	0.006	1	137.50	8.16
149.3	-96.30	57.18	-0.003	1	3.699	0	3.699	1	-0.003	1	137.50	8.16
149.4	-96.40	57.01	-0.001	1	3.702	0	3.702	1	-0.001	1	137.50	8.16
149.5	-96.50	56.84	0.012	1	3.713	0	3.713	1	0.012	1	137.50	8.16
149.6	-96.60	56.68	0.036	1	3.732	0	3.732	1	0.036	1	137.50	8.16
149.7	-96.70	56.51	0.070	1	3.759	0	3.759	1	0.070	1	137.50	8.16
149.8	-96.80	56.34	0.114	1	3.793	0	3.793	1	0.114	1	137.50	8.16
149.9	-96.90	56.17	0.169	1	3.834	0	3.834	1	0.169	1	137.50	8.16
150.0	-96.99	56.00	0.233	1	3.882	0	3.882	1	0.233	1	138.00	9.20
150.1	-97.09	55.83	0.306	1	3.938	0	3.938	1	0.306	1	138.00	9.20
150.2	-97.19	55.66	0.388	1	4.000	0	4.000	1	0.388	1	138.00	9.20
150.3	-97.29	55.49	0.477	1	4.068	0	4.068	1	0.477	1	138.00	9.20
150.4	-97.38	55.32	0.575	1	4.143	0	4.143	1	0.575	1	138.00	9.20
150.5	-97.48	55.15	0.679	1	4.224	0	4.224	1	0.679	1	138.00	9.20
150.6	-97.58	54.98	0.790	1	4.310	0	4.310	1	0.790	1	138.00	9.20
150.7	-97.67	54.81	0.831	1	4.402	0	4.402	1	0.831	1	138.00	9.20
150.8	-97.77	54.64	0.719	1	4.499	0	4.499	1	0.719	1	138.00	9.20
150.9	-97.86	54.47	0.612	1	4.601	0	4.601	1	0.612	1	138.00	9.20
151.0	-97.96	54.30	0.513	1	4.707	0	4.707	1	0.513	1	131.50	9.64
151.1	-98.05	54.13	0.420	1	4.818	0	4.818	1	0.420	1	131.50	9.64
151.2	-98.15	53.96	0.336	1	4.932	0	4.932	1	0.336	1	131.50	9.64
151.3	-98.24	53.79	0.260	1	5.051	0	4.966	1	0.260	1	131.50	9.64
151.4	-98.33	53.61	0.193	1	5.173	0	4.897	1	0.193	1	131.50	9.64
151.5	-98.43	53.44	0.135	1	5.299	0	4.833	1	0.135	1	131.50	9.64
151.6	-98.52	53.27	0.088	1	5.428	0	4.775	1	0.088	1	131.50	9.64
151.7	-98.61	53.10	0.050	1	5.560	0	4.724	1	0.050	1	131.50	9.64
151.8	-98.71	52.93	0.023	1	5.695	0	4.680	1	0.023	1	131.50	9.64
151.9	-98.80	52.75	0.006	1	5.833	0	4.642	1	0.006	1	131.50	9.64
152.0	-98.89	52.58	0.001	1	5.973	0	4.611	1	0.001	1	131.75	10.29
152.1	-98.98	52.41	0.006	1	6.115	0	4.588	1	0.006	1	131.75	10.29
152.2	-99.07	52.24	0.022	1	6.260	0	4.571	1	0.022	1	131.75	10.29
152.3	-99.16	52.06	0.049	1	6.407	0	4.562	1	0.049	1	131.75	10.29
152.4	-99.25	51.89	0.087	1	6.556	0	4.560	1	0.087	1	131.75	10.29
152.5	-99.35	51.72	0.135	1	6.706	0	4.566	1	0.135	1	131.75	10.29
152.6	-99.44	51.54	0.192	1	6.859	0	4.571	1	0.192	1	131.75	10.29
152.7	-99.53	51.37	0.259	1	7.013	0	4.563	1	0.259	1	131.75	10.29
152.8	-99.61	51.19	0.335	1	7.169	0	4.562	1	0.335	1	131.75	10.29
152.9	-99.70	51.02	0.419	1	7.326	0	4.569	1	0.419	1	131.75	10.29
153.0	-99.79	50.85	0.511	1	7.484	0	4.568	1	0.511	1	131.75	10.83
153.1	-99.88	50.67	0.611	1	7.644	0	4.561	1	0.611	1	131.75	10.83
153.2	-99.97	50.50	0.717	1	7.805	0	4.561	1	0.717	1	131.75	10.83
153.3	-100.06	50.32	0.830	1	7.967	0	4.568	1	0.830	1	131.75	10.83
153.4	-100.15	50.15	0.789	1	8.131	0	4.583	1	0.789	1	131.75	10.83
153.5	-100.23	49.97	0.678	1	8.295	0	4.605	1	0.678	1	131.75	10.83
153.6	-100.32	49.80	0.574	1	8.461	0	4.634	1	0.574	1	131.75	10.83
153.7	-100.41	49.62	0.477	1	8.627	0	4.670	1	0.477	1	131.75	10.83
153.8	-100.49	49.45	0.387	1	8.795	0	4.713	1	0.387	1	131.75	10.83
153.9	-100.58	49.27	0.305	1	8.963	0	4.763	1	0.305	1	131.75	10.83
154.0	-100.66	49.10	0.232	1	9.132	0	4.819	1	0.232	1	131.75	11.10
154.1	-100.75	48.92	0.168	1	9.301	0	4.881	1	0.168	1	131.75	11.10
154.2	-100.84	48.75	0.114	1	9.472	0	4.950	1	0.114	1	131.75	11.10
154.3	-100.92	48.57	0.069	1	9.643	0	5.024	1	0.069	1	131.75	11.10
154.4	-101.01	48.39	0.035	1	9.815	0	5.104	1	0.035	1	131.75	11.10
154.5	-101.09	48.22	0.011	1	9.987	0	5.189	1	0.011	1	131.75	11.10
154.6	-101.17	48.04	-0.002	1	10.160	0	5.279	1	-0.002	1	131.75	11.10
154.7	-101.26	47.86	-0.004	1	10.334	0	5.374	1	-0.004	1	131.75	11.10
154.8	-101.34	47.69	0.005	1	10.508	0	5.474	1	0.005	1	131.75	11.10
154.9	-101.42	47.51	0.025	1	10.683	0	5.578	1	0.025	1	131.75	11.10
155.0	-101.51	47.33	0.056	1	10.858	0	5.687	1	0.056	1	131.75	11.08
155.1	-101.59	47.16	0.097	1	11.034	0	5.799	1	0.097	1	131.75	11.08
155.2	-101.67	46.98	0.148	1	11.210	0	5.915	1	0.148	1	131.75	11.08
155.3	-101.75	46.80	0.209	1	11.387	0	6.035	1	0.209	1	131.75	11.08
155.4	-101.83	46.62	0.279	1	11.564	0	6.158	1	0.279	1	131.75	11.08
155.5	-101.92	46.45	0.358	1	11.741	0	6.284	1	0.358	1	131.75	11.08
155.6	-102.00	46.27	0.445	1	11.919	0	6.413	1	0.445	1	131.75	11.08
155.7	-102.08	46.09	0.539	1	12.097	0	6.545	1	0.539	1	131.75	11.08
155.8	-102.16	45.91	0.641	1	12.275	0	6.680	1	0.641	1	131.75	11.08
155.9	-102.24	45.73	0.750	1	12.454	0	6.817	1	0.750	1	131.75	11.08
156.0	-102.32	45.55	0.864	1	12.633	0	6.957	1	0.864	1	133.25	11.19
156.1	-102.40	45.38	0.753	1	12.813	0	7.099	1	0.753	1	133.25	11.19
156.2	-102.48	45.20	0.644	1	12.993	0	7.243	1	0.644	1	133.25	11.19
156.3	-102.55	45.02	0.542	1	13.173	0	7.389	1	0.542	1	133.25	11.19
156.4	-102.63	44.84	0.448	1	13.353	0	7.537	1	0.448	1	133.25	11.19
156.5	-102.71	44.66	0.361	1	13.534	0	7.686	1	0.361	1	133.25	11.19
156.6	-102.79	44.48	0.282	1	13.714	0	7.838	1	0.282	1	133.25	11.19
156.7	-102.87	44.30	0.212	1	13.895	0	7.991	1	0.212	1	133.25	11.19
156.8	-102.94	44.12	0.151	1	14.077	0	8.145	1	0.151	1	133.25	11.19
156.9	-103.02	43.94	0.100	1	14.258	0	8.301	1	0.100	1	133.25	11.19
157.0	-103.10	43.76	0.059	1	14.440	0	8.459	1	0.059	1	136.75	11.44
157.1	-103.17	43.58	0.029	1	14.622	0	8.617	1	0.029	1	136.75	11.44
157.2	-103.25	43.40	0.009	1	14.804	0	8.777	1	0.009	1	136.75	11.44
157.3	-103.32	43.22	-0.000	1	14.986	0	8.938	1	-0.000	1	136.75	11.44
157.4	-103.40	43.04	0.002	1	15.169	0	9.100	1	0.002	1	136.75	11.44
157.5	-103.47	42.86	0.015	1	15.352	0	9.263	1	0.015	1	136.75	11.44
157.6	-103.55	42.68	0.038	1	15.535	0	9.427	1	0.038	1	136.75	11.44
157.7	-103.62	42.50	0.073	1	15.718	0	9.593	1	0.073	1	136.75	11.44
157.8	-103.70	42.32	0.117	1	15.901	0	9.759	1	0.117	1	136.75	11.44
157.9	-103.77	42.14	0.172	1	16.084	0	9.925	1	0.172	1	136.75	11.44
158.0	-103.84	41.96	0.236	1	16.268	0	10.093	1	0.236	1	136.75	11.58
158.1	-103.92	41.77	0.309	1	16.325	0	10.261	1	0.309	1	136.75	11.58
158.2	-103.99	41.59	0.390	1	16.143	0	10.431	1	0.390	1	136.75	11.58
158.3	-104.06	41.41	0.480	1	15.962	0	10.600	1	0.480	1	136.75	11.58
158.4	-104.13	41.23	0.577	1	15.780	0	10.771	1	0.577	1	136.75	11.58
158.5	-104.21	41.05	0.681	1	15.599	0	10.942	1	0.681	1	136.75	11.58
158.6	-104.28	40.87	0.792	1	15.418	0	11.114	1	0.792	1	136.75	11.58
158.7	-104.35	40.68	0.831	1	15.237	0	11.286	1	0.831	1	136.75	11.58
158.8	-104.42	40.50	0.718	1	15.056	0	11.459	1	0.718	1	136.75	11.58
158.9	-104.49	40.32	0.612	1	14.876	0	11.632	1	0.612	1	136.75	11.58
159.0	-104.56	40.14	0.513	1	14.696	0	11.806	1	0.513	1	136.50	10.83
159.1	-104.63	39.95	0.421	1	14.516	0	11.981	1	0.421	1	136.50	10.83
159.2	-104.70	39.77	0.336	1	14.336	0	12.156	1	0.336	1	136.50	10.83
159.3	-104.77	39.59	0.261	1	14.157	0	12.331	1	0.261	1	136.50	10.83
159.4	-104.84	39.41	0.194	1	13.977	0	12.507	1	0.194	1	136.50	10.83
159.5	-104.91	39.22	0.136	1	13.799	0	12.683	1	0.136	1	136.50	10.83
159.6	-104.98	39.04	0.088	1	13.620	0	12.860	1	0.088	1	136.50	10.83
159.7	-105.04	38.86	0.051	1	13.442	0	13.037	1	0.051	1	136.50	10.83
159.8	-105.11	38.67	0.024	1	13.263	0	13.214	1	0.024	1	136.50	10.83
159.9	-105.18	38.49	0.008	1	13.086	0	13.086	1	0.008	1	136.50	10.83
160.0	-105.25	38.31	0.002	1	12.908	0	12.908	1	0.002	1	136.00	9.61
160.1	-105.31	38.12	0.008	1	12.731	0	12.731	1	0.008	1	136.00	9.61
160.2	-105.38	37.94	0.024	1	12.555	0	12.555	1	0.024	1	136.00	9.61
160.3	-105.44	37.75	0.052	1	12.378	0	12.378	1	0.052	1	136.00	9.61
160.4	-105.51	37.57	0.089	1	12.202	0	12.202	1	0.089	1	136.00	9.61
160.5	-105.58	37.39	0.137	1	12.027	0	12.027	1	0.137	1	136.00	9.61
160.6	-105.64	37.20	0.195	1	11.852	0	11.852	1	0.195	1	136.00	9.61
160.7	-105.71	37.02	0.262	1	11.677	0	11.677	1	0.262	1	136.00	9.61
160.8	-105.77	36.83	0.338	1	11.503	0	11.503	1	0.338	1	136.00	9.61
160.9	-105.83	36.65	0.422	1	11.329	0	11.329	1	0.422	1	136.00	9.61
161.0	-105.90	36.46	0.514	1	11.156	0	11.156	1	0.514	1	135.75	10.34
161.1	-105.96	36.28	0.614	1	10.983	0	10.983	1	0.614	1	135.75	10.34
161.2	-106.02	36.09	0.720	1	10.811	0	10.811	1	0.720	1	135.75	10.34
161.3	-106.09	35.91	0.833	1	10.639	0	10.639	1	0.833	1	135.75	10.34
161.4	-106.15	35.72	0.792	1	10.468	0	10.468	1	0.792	1	135.75	10.34
161.5	-106.21	35.54	0.681	1	10.297	0	10.297	1	0.681	1	135.75	10.34
161.6	-106.27	35.35	0.577	1	10.128	0	10.128	1	0.577	1	135.75	10.34
161.7	-106.34	35.17	0.480	1	9.959	0	9.959	1	0.480	1	135.75	10.34
161.8	-106.40	34.98	0.390	1	9.790	0	9.790	1	0.390	1	135.75	10.34
161.9	-106.46	34.80	0.308	1	9.622	0	9.622	1	0.308	1	135.75	10.34
162.0	-106.52	34.61	0.235	1	9.456	0	9.456	1	0.235	1	131.50	10.27
162.1	-106.58	34.42	0.171	1	9.289	0	9.289	1	0.171	1	131.50	10.27
162.2	-106.64	34.24	0.117	1	9.124	0	9.124	1	0.117	1	131.50	10.27
162.3	-106.70	34.05	0.072	1	8.960	0	8.960	1	0.072	1	131.50	10.27
162.4	-106.76	33.87	0.038	1	8.797	0	8.797	1	0.038	1	131.50	10.27
162.5	-106.82	33.68	0.015	1	8.634	0	8.634	1	0.015	1	131.50	10.27
162.6	-106.87	33.49	0.002	1	8.473	0	8.473	1	0.002	1	131.50	10.27
162.7	-106.93	33.31	0.000	1	8.313	0	8.313	1	0.000	1	131.50	10.27
162.8	-106.99	33.12	0.009	1	8.154	0	8.154	1	0.009	1	131.50	10.27
162.9	-107.05	32.93	0.029	1	7.996	0	7.996	1	0.029	1	131.50	10.27
163.0	-107.11	32.75	0.060	1	7.839	0	7.839	1	0.060	1	130.00	9.25
163.1	-107.16	32.56	0.101	1	7.684	0	7.684	1	0.101	1	130.00	9.25
163.2	-107.22	32.37	0.152	1	7.530	0	7.530	1	0.152	1	130.00	9.25
163.3	-107.28	32.18	0.213	1	7.378	0	7.378	1	0.213	1	130.00	9.25
163.4	-107.33	32.00	0.283	1	7.227	0	7.227	1	0.283	1	130.00	9.25
163.5	-107.39	31.81	0.361	1	7.078	0	7.078	1	0.361	1	130.00	9.25
163.6	-107.44	31.62	0.448	1	6.931	0	6.931	1	0.448	1	130.00	9.25
163.7	-107.50	31.43	0.543	1	6.786	0	6.786	1	0.543	1	130.00	9.25
163.8	-107.55	31.25	0.645	1	6.642	0	6.642	1	0.645	1	130.00	9.25
163.9	-107.61	31.06	0.753	1	6.501	0	6.501	1	0.753	1	130.00	9.25
164.0	-107.66	30.87	0.866	1	6.362	0	6.362	1	0.866	1	129.00	7.66
164.1	-107.72	30.68	0.751	1	6.225	0	6.225	1	0.751	1	129.00	7.66
164.2	-107.77	30.50	0.642	1	6.091	0	6.091	1	0.642	1	129.00	7.66
164.3	-107.82	30.31	0.541	1	5.959	0	5.959	1	0.541	1	129.00	7.66
164.4	-107.87	30.12	0.446	1	5.830	0	5.830	1	0.446	1	129.00	7.66
164.5	-107.93	29.93	0.359	1	5.704	0	5.704	1	0.359	1	129.00	7.66
164.6	-107.98	29.74	0.280	1	5.581	0	5.581	1	0.280	1	129.00	7.66
164.7	-108.03	29.55	0.210	1	5.462	0	5.462	1	0.210	1	129.00	7.66
164.8	-108.08	29.37	0.149	1	5.346	0	5.346	1	0.149	1	129.00	7.66
164.9	-108.13	29.18	0.098	1	5.233	0	5.233	1	0.098	1	129.00	7.66
165.0	-108.18	28.99	0.057	1	5.124	0	5.124	1	0.057	1	128.00	6.10
165.1	-108.23	28.80	0.027	1	5.020	0	5.020	1	0.027	1	128.00	6.10
165.2	-108.28	28.61	0.007	1	4.919	0	4.919	1	0.007	1	128.00	6.10
165.3	-108.33	28.42	-0.002	1	4.823	0	4.823	1	-0.002	1	128.00	6.10
165.4	-108.38	28.23	-0.000	1	4.697	0	4.697	1	-0.000	1	128.00	6.10
165.5	-108.43	28.04	0.012	1	4.559	0	4.559	1	0.012	1	128.00	6.10
165.6	-108.48	27.85	0.036	1	4.424	0	4.424	1	0.036	1	128.00	6.10
165.7	-108.53	27.66	0.070	1	4.293	0	4.293	1	0.070	1	128.00	6.10
165.8	-108.58	27.47	0.115	1	4.165	0	4.165	1	0.115	1	128.00	6.10
165.9	-108.63	27.28	0.169	1	4.042	0	4.042	1	0.169	1	128.00	6.10
166.0	-108.67	27.10	0.233	1	3.922	0	3.922	1	0.233	1	127.25	4.49
166.1	-108.72	26.91	0.307	1	3.807	0	3.807	1	0.307	1	127.25	4.49
166.2	-108.77	26.72	0.388	1	3.698	0	3.698	1	0.388	1	127.25	4.49
166.3	-108.81	26.53	0.478	1	3.593	0	3.593	1	0.478	1	127.25	4.49
166.4	-108.86	26.34	0.575	1	3.494	0	3.494	1	0.575	1	127.25	4.49
166.5	-108.91	26.15	0.679	1	3.401	0	3.401	1	0.679	1	127.25	4.49
166.6	-108.95	25.96	0.790	1	3.314	0	3.314	1	0.790	1	127.25	4.49
166.7	-109.00	25.77	0.828	1	3.234	0	3.234	1	0.828	1	127.25	4.49
166.8	-109.04	25.58	0.715	1	3.162	0	3.162	1	0.715	1	127.25	4.49
166.9	-109.09	25.38	0.609	1	3.096	0	3.096	1	0.609	1	127.25	4.49
167.0	-109.13	25.19	0.509	1	3.039	0	3.039	1	0.509	1	129.25	3.11
167.1	-109.17	25.00	0.417	1	2.989	0	2.989	1	0.417	1	129.25	3.11
167.2	-109.22	24.81	0.332	1	2.948	0	2.948	1	0.332	1	129.25	3.11
167.3	-109.26	24.62	0.256	1	2.916	0	2.916	1	0.256	1	129.25	3.11
167.4	-109.30	24.43	0.189	1	2.892	0	2.892	1	0.189	1	129.25	3.11
167.5	-109.35	24.24	0.131	1	2.878	0	2.878	1	0.131	1	129.25	3.11
167.6	-109.39	24.05	0.083	1	2.873	0	2.873	1	0.083	1	129.25	3.11
167.7	-109.43	23.86	0.045	1	2.877	0	2.877	1	0.045	1	129.25	3.11
167.8	-109.47	23.67	0.018	1	2.890	0	2.890	1	0.018	1	129.25	3.11
167.9	-109.51	23.48	0.001	1	2.913	0	2.913	1	0.001	1	129.25	3.11
168.0	-109.55	23.29	-0.005	1	2.944	0	2.944	1	-0.005	1	128.75	2.37
168.1	-109.59	23.09	0.001	1	2.984	0	2.984	1	0.001	1	128.75	2.37
168.2	-109.63	22.90	0.017	1	3.032	0	3.032	1	0.017	1	128.75	2.37
168.3	-109.67	22.71	0.044	1	3.089	0	3.089	1	0.044	1	128.75	2.37
168.4	-109.71	22.52	0.081	1	3.153	0	3.153	1	0.081	1	128.75	2.37
168.5	-109.75	22.33	0.129	1	3.225	0	3.225	1	0.129	1	128.75	2.37
168.6	-109.79	22.14	0.186	1	3.305	0	3.305	1	0.186	1	128.75	2.37
168.7	-109.83	21.95	0.253	1	3.391	0	3.391	1	0.253	1	128.75	2.37
168.8	-109.87	21.75	0.329	1	3.483	0	3.483	1	0.329	1	128.75	2.37
168.9	-109.90	21.56	0.413	1	3.581	0	3.581	1	0.413	1	128.75	2.37
169.0	-109.94	21.37	0.506	1	3.685	0	3.685	1	0.506	1	128.50	1.88
169.1	-109.98	21.18	0.605	1	3.793	0	3.793	1	0.605	1	128.50	1.88
169.2	-110.02	20.99	0.711	1	3.888	0	3.888	1	0.711	1	128.50	1.88
169.3	-110.05	20.79	0.824	1	3.988	0	3.988	1	0.824	1	128.50	1.88
169.4	-110.09	20.60	0.791	1	4.094	0	4.094	1	0.791	1	128.50	1.88
169.5	-110.12	20.41	0.681	1	4.205	0	4.205	1	0.681	1	128.50	1.88
169.6	-110.16	20.22	0.577	1	4.320	0	4.320	1	0.577	1	128.50	1.88
169.7	-110.20	20.03	0.480	1	4.434	0	4.434	1	0.480	1	128.50	1.88
169.8	-110.23	19.83	0.390	1	4.502	0	4.502	1	0.390	1	128.50	1.88
169.9	-110.26	19.64	0.309	1	4.577	0	4.577	1	0.309	1	128.50	1.88
170.0	-110.30	19.45	0.236	1	4.656	0	4.656	1	0.236	1	128.50	1.41
170.1	-110.33	19.26	0.172	1	4.741	0	4.741	1	0.172	1	128.50	1.41
170.2	-110.37	19.06	0.118	1	4.832	0	4.832	1	0.118	1	128.50	1.41
170.3	-110.40	18.87	0.073	1	4.927	0	4.927	1	0.073	1	128.50	1.41
170.4	-110.43	18.68	0.039	1	5.027	0	5.027	1	0.039	1	128.50	1.41
170.5	-110.46	18.49	0.016	1	5.085	0	5.085	1	0.016	1	128.50	1.41
170.6	-110.50	18.29	0.003	1	4.946	0	4.946	1	0.003	1	128.50	1.41
170.7	-110.53	18.10	0.001	1	4.811	0	4.811	1	0.001	1	128.50	1.41
170.8	-110.56	17.91	0.011	1	4.679	0	4.679	1	0.011	1	128.50	1.41
170.9	-110.59	17.71	0.031	1	4.540	0	4.540	1	0.031	1	128.50	1.41
171.0	-110.62	17.52	0.061	1	4.389	0	4.389	1	0.061	1	128.25	0.92
171.1	-110.65	17.33	0.103	1	4.241	0	4.241	1	0.103	1	128.25	0.92
171.2	-110.68	17.13	0.154	1	4.097	0	4.097	1	0.154	1	128.25	0.92
171.3	-110.71	16.94	0.215	1	3.956	0	3.956	1	0.215	1	128.25	0.92
171.4	-110.74	16.75	0.285	1	3.820	0	3.820	1	0.285	1	128.25	0.92
171.5	-110.77	16.55	0.364	1	3.688	0	3.688	1	0.364	1	128.25	0.92
171.6	-110.80	16.36	0.451	1	3.560	0	3.560	1	0.451	1	128.25	0.92
171.7	-110.83	16.17	0.545	1	3.439	0	3.439	1	0.545	1	128.25	0.92
171.8	-110.85	15.97	0.647	1	3.323	0	3.323	1	0.647	1	128.25	0.92
171.9	-110.88	15.78	0.756	1	3.214	0	3.214	1	0.756	1	128.25	0.92
172.0	-110.91	15.59	0.871	1	3.111	0	3.111	1	0.871	1	126.25	0.69
172.1	-110.94	15.39	0.756	1	3.017	0	3.017	1	0.756	1	126.25	0.69
172.2	-110.96	15.20	0.647	1	2.931	0	2.931	1	0.647	1	126.25	0.69
172.3	-110.99	15.01	0.545	1	2.854	0	2.854	1	0.545	1	126.25	0.69
172.4	-111.02	14.81	0.451	1	2.787	0	2.787	1	0.451	1	126.25	0.69
172.5	-111.04	14.62	0.364	1	2.730	0	2.730	1	0.364	1	126.25	0.69
172.6	-111.07	14.43	0.285	1	2.684	0	2.684	1	0.285	1	126.25	0.69
172.7	-111.09	14.23	0.215	1	2.649	0	2.649	1	0.215	1	126.25	0.69
172.8	-111.12	14.04	0.154	1	2.626	0	2.626	1	0.154	1	126.25	0.69
172.9	-111.14	13.84	0.103	1	2.615	0	2.615	1	0.103	1	126.25	0.69
173.0	-111.17	13.65	0.062	1	2.616	0	2.616	1	0.062	1	126.50	0.66
173.1	-111.19	13.46	0.031	1	2.630	0	2.630	1	0.031	1	126.50	0.66
173.2	-111.21	13.26	0.011	1	2.655	0	2.655	1	0.011	1	126.50	0.66
173.3	-111.24	13.07	0.002	1	2.692	0	2.692	1	0.002	1	126.50	0.66
173.4	-111.26	12.87	0.004	1	2.740	0	2.740	1	0.004	1	126.50	0.66
173.5	-111.28	12.68	0.017	1	2.799	0	2.799	1	0.017	1	126.50	0.66
173.6	-111.30	12.48	0.040	1	2.868	0	2.868	1	0.040	1	126.50	0.66
173.7	-111.32	12.29	0.074	1	2.947	0	2.947	1	0.074	1	126.50	0.66
173.8	-111.34	12.10	0.119	1	3.035	0	3.035	1	0.119	1	126.50	0.66
173.9	-111.37	11.90	0.173	1	3.129	0	3.129	1	0.173	1	126.50	0.66
174.0	-111.39	11.71	0.237	1	3.215	0	3.215	1	0.237	1	126.50	0.64
174.1	-111.41	11.51	0.310	1	3.309	0	3.309	1	0.310	1	126.50	0.64
174.2	-111.43	11.32	0.391	1	3.411	0	3.411	1	0.391	1	126.50	0.64
174.3	-111.45	11.12	0.481	1	3.518	0	3.518	1	0.481	1	126.50	0.64
174.4	-111.47	10.93	0.578	1	3.632	0	3.632	1	0.578	1	126.50	0.64
174.5	-111.48	10.73	0.682	1	3.751	0	3.751	1	0.682	1	126.50	0.64
174.6	-111.50	10.54	0.793	1	3.875	0	3.875	1	0.793	1	126.50	0.64
174.7	-111.52	10.35	0.833	1	4.004	0	4.004	1	0.833	1	126.50	0.64
174.8	-111.54	10.15	0.721	1	4.137	0	4.137	1	0.721	1	126.50	0.64
174.9	-111.56	9.96	0.614	1	4.274	0	4.274	1	0.614	1	126.50	0.64
175.0	-111.57	9.76	0.514	1	4.414	0	4.414	1	0.514	1	126.75	0.65
175.1	-111.59	9.57	0.422	1	4.558	0	4.558	1	0.422	1	126.75	0.65
175.2	-111.61	9.37	0.338	1	4.705	0	4.705	1	0.338	1	126.75	0.65
175.3	-111.62	9.18	0.262	1	4.855	0	4.855	1	0.262	1	126.75	0.65
175.4	-111.64	8.98	0.195	1	5.008	0	5.008	1	0.195	1	126.75	0.65
175.5	-111.65	8.79	0.137	1	5.163	0	5.163	1	0.137	1	126.75	0.65
175.6	-111.67	8.59	0.089	1	5.320	0	5.320	1	0.089	1	126.75	0.65
175.7	-111.68	8.40	0.051	1	5.479	0	5.479	1	0.051	1	126.75	0.65
175.8	-111.70	8.20	0.024	1	5.639	0	5.639	1	0.024	1	126.75	0.65
175.9	-111.71	8.01	0.007	1	5.802	0	5.802	1	0.007	1	126.75	0.65
176.0	-111.73	7.81	0.001	1	5.966	0	5.966	1	0.001	1	127.25	0.74
176.1	-111.74	7.62	0.007	1	6.132	0	6.132	1	0.007	1	127.25	0.74
176.2	-111.75	7.42	0.023	1	6.299	0	6.299	1	0.023	1	127.25	0.74
176.3	-111.77	7.23	0.050	1	6.467	0	6.467	1	0.050	1	127.25	0.74
176.4	-111.78	7.03	0.087	1	6.637	0	6.637	1	0.087	1	127.25	0.74
176.5	-111.79	6.84	0.135	1	6.808	0	6.808	1	0.135	1	127.25	0.74
176.6	-111.80	6.64	0.192	1	6.979	0	6.979	1	0.192	1	127.25	0.74
176.7	-111.81	6.45	0.259	1	7.152	0	7.152	1	0.259	1	127.25	0.74
176.8	-111.83	6.25	0.335	1	7.326	0	7.326	1	0.335	1	127.25	0.74
176.9	-111.84	6.06	0.419	1	7.500	0	7.500	1	0.419	1	127.25	0.74
177.0	-111.85	5.86	0.511	1	7.675	0	7.675	1	0.511	1	128.00	0.93
177.1	-111.86	5.67	0.610	1	7.851	0	7.851	1	0.610	1	128.00	0.93
177.2	-111.87	5.47	0.716	1	8.028	0	8.028	1	0.716	1	128.00	0.93
177.3	-111.88	5.28	0.829	1	8.091	0	8.091	1	0.829	1	128.00	0.93
177.4	-111.88	5.08	0.793	1	8.095	0	8.095	1	0.793	1	128.00	0.93
177.5	-111.89	4.89	0.682	1	8.104	0	8.104	1	0.682	1	128.00	0.93
177.6	-111.90	4.69	0.578	1	8.116	0	8.116	1	0.578	1	128.00	0.93
177.7	-111.91	4.49	0.481	1	8.132	0	8.132	1	0.481	1	128.00	0.93
177.8	-111.92	4.30	0.391	1	8.152	0	8.152	1	0.391	1	128.00	0.93
177.9	-111.92	4.10	0.310	1	8.175	0	8.175	1	0.310	1	128.00	0.93
178.0	-111.93	3.91	0.237	1	8.202	0	8.202	1	0.237	1	128.25	1.14
178.1	-111.94	3.71	0.173	1	8.233	0	8.233	1	0.173	1	128.25	1.14
178.2	-111.94	3.52	0.119	1	8.267	0	8.267	1	0.119	1	128.25	1.14
178.3	-111.95	3.32	0.074	1	8.305	0	8.305	1	0.074	1	128.25	1.14
178.4	-111.96	3.13	0.040	1	8.347	0	8.347	1	0.040	1	128.25	1.14
178.5	-111.96	2.93	0.016	1	8.392	0	8.392	1	0.016	1	128.25	1.14
178.6	-111.97	2.74	0.004	1	8.440	0	8.440	1	0.004	1	128.25	1.14
178.7	-111.97	2.54	0.002	1	8.492	0	8.492	1	0.002	1	128.25	1.14
178.8	-111.98	2.35	0.011	1	8.547	0	8.547	1	0.011	1	128.25	1.14
178.9	-111.98	2.15	0.031	1	8.581	0	8.581	1	0.031	1	128.25	1.14
179.0	-111.98	1.95	0.062	1	8.616	0	8.616	1	0.062	1	128.50	1.36
179.1	-111.99	1.76	0.103	1	8.653	0	8.653	1	0.103	1	128.50	1.36
179.2	-111.99	1.56	0.154	1	8.695	0	8.695	1	0.154	1	128.50	1.36
179.3	-111.99	1.37	0.215	1	8.740	0	8.740	1	0.215	1	128.50	1.36
179.4	-111.99	1.17	0.285	1	8.788	0	8.788	1	0.285	1	128.50	1.36
179.5	-112.00	0.98	0.363	1	8.839	0	8.839	1	0.363	1	128.50	1.36
179.6	-112.00	0.78	0.450	1	8.895	0	8.895	1	0.450	1	128.50	1.36
179.7	-112.00	0.59	0.545	1	8.953	0	8.953	1	0.545	1	128.50	1.36
179.8	-112.00	0.39	0.647	1	9.014	0	9.014	1	0.647	1	128.50	1.36
179.9	-112.00	0.20	0.755	1	9.079	0	9.079	1	0.755	1	128.50	1.36
180.0	-112.00	0.00	0.870	1	9.147	0	9.147	1	0.870	1	128.50	1.59
180.1	-112.00	-0.20	0.755	1	9.218	0	9.218	1	0.755	1	128.50	1.59
180.2	-112.00	-0.39	0.647	1	9.291	0	9.291	1	0.647	1	128.50	1.59
180.3	-112.00	-0.59	0.545	1	9.368	0	9.368	1	0.545	1	128.50	1.59
180.4	-112.00	-0.78	0.450	1	9.448	0	9.448	1	0.450	1	128.50	1.59
180.5	-112.00	-0.98	0.363	1	9.530	0	9.530	1	0.363	1	128.50	1.59
180.6	-111.99	-1.17	0.285	1	9.602	0	9.602	1	0.285	1	128.50	1.59
180.7	-111.99	-1.37	0.215	1	9.519	0	9.519	1	0.215	1	128.50	1.59
180.8	-111.99	-1.56	0.154	1	9.439	0	9.439	1	0.154	1	128.50	1.59
180.9	-111.99	-1.76	0.103	1	9.362	0	9.362	1	0.103	1	128.50	1.59
181.0	-111.98	-1.95	0.062	1	9.289	0	9.289	1	0.062	1	128.75	1.86
181.1	-111.98	-2.15	0.031	1	9.218	0	9.218	1	0.031	1	128.75	1.86
181.2	-111.98	-2.35	0.011	1	9.150	0	9.150	1	0.011	1	128.75	1.86
181.3	-111.97	-2.54	0.002	1	9.085	0	9.085	1	0.002	1	128.75	1.86
181.4	-111.97	-2.74	0.004	1	9.024	0	9.024	1	0.004	1	128.75	1.86
181.5	-111.96	-2.93	0.016	1	8.966	0	8.966	1	0.016	1	128.75	1.86
181.6	-111.96	-3.13	0.040	1	8.911	0	8.911	1	0.040	1	128.75	1.86
181.7	-111.95	-3.32	0.074	1	8.860	0	8.860	1	0.074	1	128.75	1.86
181.8	-111.94	-3.52	0.119	1	8.812	0	8.812	1	0.119	1	128.75	1.86
181.9	-111.94	-3.71	0.173	1	8.768	0	8.768	1	0.173	1	128.75	1.86
182.0	-111.93	-3.91	0.237	1	8.728	0	8.728	1	0.237	1	129.00	1.91
182.1	-111.92	-4.10	0.310	1	8.691	0	8.691	1	0.310	1	129.00	1.91
182.2	-111.92	-4.30	0.391	1	8.657	0	8.657	1	0.391	1	129.00	1.91
182.3	-111.91	-4.49	0.481	1	8.628	0	8.628	1	0.481	1	129.00	1.91
182.4	-111.90	-4.69	0.578	1	8.602	0	8.602	1	0.578	1	129.00	1.91
182.5	-111.89	-4.89	0.682	1	8.580	0	8.580	1	0.682	1	129.00	1.91
182.6	-111.88	-5.08	0.793	1	8.561	0	8.561	1	0.793	1	129.00	1.91
182.7	-111.88	-5.28	0.829	1	8.547	0	8.547	1	0.829	1	129.00	1.91
182.8	-111.87	-5.47	0.716	1	8.536	0	8.536	1	0.716	1	129.00	1.91
182.9	-111.86	-5.67	0.610	1	8.530	0	8.530	1	0.610	1	129.00	1.91
183.0	-111.85	-5.86	0.511	1	8.527	0	8.527	1	0.511	1	129.25	1.42
183.1	-111.84	-6.06	0.419	1	8.528	0	8.528	1	0.419	1	129.25	1.42
183.2	-111.83	-6.25	0.335	1	8.533	0	8.533	1	0.335	1	129.25	1.42
183.3	-111.81	-6.45	0.259	1	8.541	0	8.541	1	0.259	1	129.25	1.42
183.4	-111.80	-6.64	0.192	1	8.554	0	8.554	1	0.192	1	129.25	1.42
183.5	-111.79	-6.84	0.135	1	8.571	0	8.571	1	0.135	1	129.25	1.42
183.6	-111.78	-7.03	0.087	1	8.591	0	8.591	1	0.087	1	129.25	1.42
183.7	-111.77	-7.23	0.050	1	8.615	0	8.615	1	0.050	1	129.25	1.42
183.8	-111.75	-7.42	0.023	1	8.643	0	8.643	1	0.023	1	129.25	1.42
183.9	-111.74	-7.62	0.007	1	8.674	0	8.674	1	0.007	1	129.25	1.42
184.0	-111.73	-7.81	0.001	1	8.710	0	8.710	1	0.001	1	128.50	1.61
184.1	-111.71	-8.01	0.007	1	8.749	0	8.749	1	0.007	1	128.50	1.61
184.2	-111.70	-8.20	0.024	1	8.791	0	8.791	1	0.024	1	128.50	1.61
184.3	-111.68	-8.40	0.051	1	8.837	0	8.837	1	0.051	1	128.50	1.61
184.4	-111.67	-8.59	0.089	1	8.887	0	8.887	1	0.089	1	128.50	1.61
184.5	-111.65	-8.79	0.137	1	8.940	0	8.940	1	0.137	1	128.50	1.61
184.6	-111.64	-8.98	0.195	1	8.996	0	8.996	1	0.195	1	128.50	1.61
184.7	-111.62	-9.18	0.262	1	9.056	0	9.056	1	0.262	1	128.50	1.61
184.8	-111.61	-9.37	0.338	1	9.119	0	9.119	1	0.338	1	128.50	1.61
184.9	-111.59	-9.57	0.422	1	9.185	0	9.185	1	0.422	1	128.50	1.61
185.0	-111.57	-9.76	0.514	1	9.255	0	9.255	1	0.514	1	128.75	1.82
185.1	-111.56	-9.96	0.614	1	9.327	0	9.327	1	0.614	1	128.75	1.82
185.2	-111.54	-10.15	0.721	1	9.306	0	9.306	1	0.721	1	128.75	1.82
185.3	-111.52	-10.35	0.833	1	9.257	0	9.257	1	0.833	1	128.75	1.82
185.4	-111.50	-10.54	0.793	1	9.211	0	9.211	1	0.793	1	128.75	1.82
185.5	-111.48	-10.73	0.682	1	9.169	0	9.169	1	0.682	1	128.75	1.82
185.6	-111.47	-10.93	0.578	1	9.130	0	9.130	1	0.578	1	128.75	1.82
185.7	-111.45	-11.12	0.481	1	9.094	0	9.094	1	0.481	1	128.75	1.82
185.8	-111.43	-11.32	0.391	1	9.062	0	9.062	1	0.391	1	128.75	1.82
185.9	-111.41	-11.51	0.310	1	9.033	0	9.033	1	0.310	1	128.75	1.82
186.0	-111.39	-11.71	0.237	1	9.008	0	9.008	1	0.237	1	129.00	2.19
186.1	-111.37	-11.90	0.173	1	8.986	0	8.986	1	0.173	1	129.00	2.19
186.2	-111.34	-12.10	0.119	1	8.968	0	8.968	1	0.119	1	129.00	2.19
186.3	-111.32	-12.29	0.074	1	8.953	0	8.953	1	0.074	1	129.00	2.19
186.4	-111.30	-12.48	0.040	1	8.942	0	8.942	1	0.040	1	129.00	2.19
186.5	-111.28	-12.68	0.017	1	8.935	0	8.935	1	0.017	1	129.00	2.19
186.6	-111.26	-12.87	0.004	1	8.931	0	8.931	1	0.004	1	129.00	2.19
186.7	-111.24	-13.07	0.002	1	8.931	0	8.931	1	0.002	1	129.00	2.19
186.8	-111.21	-13.26	0.011	1	8.935	0	8.935	1	0.011	1	129.00	2.19
186.9	-111.19	-13.46	0.031	1	8.942	0	8.942	1	0.031	1	129.00	2.19
187.0	-111.17	-13.65	0.062	1	8.953	0	8.953	1	0.062	1	130.50	4.03
187.1	-111.14	-13.84	0.103	1	8.967	0	8.967	1	0.103	1	130.50	4.03
187.2	-111.12	-14.04	0.154	1	8.985	0	8.985	1	0.154	1	130.50	4.03
187.3	-111.09	-14.23	0.215	1	9.007	0	9.007	1	0.215	1	130.50	4.03
187.4	-111.07	-14.43	0.285	1	9.032	0	9.032	1	0.285	1	130.50	4.03
187.5	-111.04	-14.62	0.364	1	9.061	0	9.061	1	0.364	1	130.50	4.03
187.6	-111.02	-14.81	0.451	1	9.093	0	9.093	1	0.451	1	130.50	4.03
187.7	-110.99	-15.01	0.545	1	9.128	0	9.128	1	0.545	1	130.50	4.03
187.8	-110.96	-15.20	0.647	1	9.168	0	9.168	1	0.647	1	130.50	4.03
187.9	-110.94	-15.39	0.756	1	9.210	0	9.210	1	0.756	1	130.50	4.03
188.0	-110.91	-15.59	0.871	1	9.256	0	9.256	1	0.871	1	133.00	7.23
188.1	-110.88	-15.78	0.756	1	9.305	0	9.305	1	0.756	1	133.00	7.23
188.2	-110.85	-15.97	0.647	1	9.357	0	9.357	1	0.647	1	133.00	7.23
188.3	-110.83	-16.17	0.545	1	9.412	0	9.412	1	0.545	1	133.00	7.23
188.4	-110.80	-16.36	0.451	1	9.471	0	9.471	1	0.451	1	133.00	7.23
188.5	-110.77	-16.55	0.364	1	9.533	0	9.533	1	0.364	1	133.00	7.23
188.6	-110.74	-16.75	0.285	1	9.597	0	9.597	1	0.285	1	133.00	7.23
188.7	-110.71	-16.94	0.215	1	9.665	0	9.665	1	0.215	1	133.00	7.23
188.8	-110.68	-17.13	0.154	1	9.736	0	9.736	1	0.154	1	133.00	7.23
188.9	-110.65	-17.33	0.103	1	9.809	0	9.809	1	0.103	1	133.00	7.23
189.0	-110.62	-17.52	0.061	1	9.885	0	9.885	1	0.061	1	133.25	10.74
189.1	-110.59	-17.71	0.031	1	9.964	0	9.964	1	0.031	1	133.25	10.74
189.2	-110.56	-17.91	0.011	1	10.046	0	10.046	1	0.011	1	133.25	10.74
189.3	-110.53	-18.10	0.001	1	10.130	0	10.130	1	0.001	1	133.25	10.74
189.4	-110.50	-18.29	0.003	1	10.217	0	10.217	1	0.003	1	133.25	10.74
189.5	-110.46	-18.49	0.016	1	10.306	0	10.306	1	0.016	1	133.25	10.74
189.6	-110.43	-18.68	0.039	1	10.398	0	10.398	1	0.039	1	133.25	10.74
189.7	-110.40	-18.87	0.073	1	10.492	0	10.492	1	0.073	1	133.25	10.74
189.8	-110.37	-19.06	0.118	1	10.589	0	10.589	1	0.118	1	133.25	10.74
189.9	-110.33	-19.26	0.172	1	10.687	0	10.687	1	0.172	1	133.25	10.74
190.0	-110.30	-19.45	0.236	1	10.788	0	10.788	1	0.236	1	133.25	13.68
190.1	-110.26	-19.64	0.309	1	10.891	0	10.891	1	0.309	1	133.25	13.68
190.2	-110.23	-19.83	0.390	1	10.996	0	10.996	1	0.390	1	133.25	13.68
190.3	-110.20	-20.03	0.480	1	11.103	0	11.103	1	0.480	1	133.25	13.68
190.4	-110.16	-20.22	0.577	1	11.212	0	11.212	1	0.577	1	133.25	13.68
190.5	-110.12	-20.41	0.681	1	11.323	0	11.323	1	0.681	1	133.25	13.68
190.6	-110.09	-20.60	0.791	1	11.436	0	11.436	1	0.791	1	133.25	13.68
190.7	-110.05	-20.79	0.824	1	11.551	0	11.551	1	0.824	1	133.25	13.68
190.8	-110.02	-20.99	0.711	1	11.667	0	11.667	1	0.711	1	133.25	13.68
190.9	-109.98	-21.18	0.605	1	11.785	0	11.785	1	0.605	1	133.25	13.68
191.0	-109.94	-21.37	0.506	1	11.905	0	11.905	1	0.506	1	133.50	15.16
191.1	-109.90	-21.56	0.413	1	12.027	0	12.027	1	0.413	1	133.50	15.16
191.2	-109.87	-21.75	0.329	1	12.149	0	12.149	1	0.329	1	133.50	15.16
191.3	-109.83	-21.95	0.253	1	12.274	0	12.274	1	0.253	1	133.50	15.16
191.4	-109.79	-22.14	0.186	1	12.400	0	12.400	1	0.186	1	133.50	15.16
191.5	-109.75	-22.33	0.129	1	12.527	0	12.527	1	0.129	1	133.50	15.16
191.6	-109.71	-22.52	0.081	1	12.656	0	12.656	1	0.081	1	133.50	15.16
191.7	-109.67	-22.71	0.044	1	12.786	0	12.786	1	0.044	1	133.50	15.16
191.8	-109.63	-22.90	0.017	1	12.918	0	12.918	1	0.017	1	133.50	15.16
191.9	-109.59	-23.09	0.001	1	13.050	0	13.050	1	0.001	1	133.50	15.16
192.0	-109.55	-23.29	-0.005	1	13.184	0	13.184	1	-0.005	1	133.50	14.73
192.1	-109.51	-23.48	0.001	1	13.319	0	13.319	1	0.001	1	133.50	14.73
192.2	-109.47	-23.67	0.018	1	13.456	0	13.456	1	0.018	1	133.50	14.73
192.3	-109.43	-23.86	0.045	1	13.593	0	13.593	1	0.045	1	133.50	14.73
192.4	-109.39	-24.05	0.083	1	13.732	0	13.732	1	0.083	1	133.50	14.73
192.5	-109.35	-24.24	0.131	1	13.871	0	13.871	1	0.131	1	133.50	14.73
192.6	-109.30	-24.43	0.189	1	14.012	0	14.012	1	0.189	1	133.50	14.73
192.7	-109.26	-24.62	0.256	1	14.154	0	14.154	1	0.256	1	133.50	14.73
192.8	-109.22	-24.81	0.332	1	14.296	0	14.296	1	0.332	1	133.50	14.73
192.9	-109.17	-25.00	0.417	1	14.440	0	14.440	1	0.417	1	133.50	14.73
193.0	-109.13	-25.19	0.509	1	14.585	0	14.585	1	0.509	1	133.75	13.90
193.1	-109.09	-25.38	0.609	1	14.730	0	14.730	1	0.609	1	133.75	13.90
193.2	-109.04	-25.58	0.715	1	14.876	0	14.876	1	0.715	1	133.75	13.90
193.3	-109.00	-25.77	0.828	1	15.023	0	15.023	1	0.828	1	133.75	13.90
193.4	-108.95	-25.96	0.790	1	15.171	0	15.171	1	0.790	1	133.75	13.90
193.5	-108.91	-26.15	0.679	1	15.320	0	15.320	1	0.679	1	133.75	13.90
193.6	-108.86	-26.34	0.575	1	15.470	0	15.466	1	0.575	1	133.75	13.90
193.7	-108.81	-26.53	0.478	1	15.620	0	15.308	1	0.478	1	133.75	13.90
193.8	-108.77	-26.72	0.388	1	15.770	0	15.151	1	0.388	1	133.75	13.90
193.9	-108.72	-26.91	0.307	1	15.921	0	14.995	1	0.307	1	133.75	13.90
194.0	-108.67	-27.10	0.233	1	16.072	0	14.839	1	0.233	1	133.75	13.21
194.1	-108.63	-27.28	0.169	1	16.224	0	14.684	1	0.169	1	133.75	13.21
194.2	-108.58	-27.47	0.115	1	16.377	0	14.529	1	0.115	1	133.75	13.21
194.3	-108.53	-27.66	0.070	1	16.531	0	14.376	1	0.070	1	133.75	13.21
194.4	-108.48	-27.85	0.036	1	16.685	0	14.223	1	0.036	1	133.75	13.21
194.5	-108.43	-28.04	0.012	1	16.840	0	14.071	1	0.012	1	133.75	13.21
194.6	-108.38	-28.23	-0.000	1	16.995	0	13.920	1	-0.000	1	133.75	13.21
194.7	-108.33	-28.42	-0.002	1	17.151	0	13.770	1	-0.002	1	133.75	13.21
194.8	-108.28	-28.61	0.007	1	17.308	0	13.620	1	0.007	1	133.75	13.21
194.9	-108.23	-28.80	0.027	1	17.465	0	13.472	1	0.027	1	133.75	13.21
195.0	-108.18	-28.99	0.057	1	17.623	0	13.324	1	0.057	1	134.00	12.82
195.1	-108.13	-29.18	0.098	1	17.781	0	13.178	1	0.098	1	134.00	12.82
195.2	-108.08	-29.37	0.149	1	17.939	0	13.032	1	0.149	1	134.00	12.82
195.3	-108.03	-29.55	0.210	1	18.099	0	12.888	1	0.210	1	134.00	12.82
195.4	-107.98	-29.74	0.280	1	18.258	0	12.744	1	0.280	1	134.00	12.82
195.5	-107.93	-29.93	0.359	1	18.419	0	12.602	1	0.359	1	134.00	12.82
195.6	-107.87	-30.12	0.446	1	18.579	0	12.461	1	0.446	1	134.00	12.82
195.7	-107.82	-30.31	0.541	1	18.740	0	12.321	1	0.541	1	134.00	12.82
195.8	-107.77	-30.50	0.642	1	18.902	0	12.182	1	0.642	1	134.00	12.82
195.9	-107.72	-30.68	0.751	1	19.064	0	12.044	1	0.751	1	134.00	12.82
196.0	-107.66	-30.87	0.866	1	19.226	0	11.908	1	0.866	1	134.00	12.81
196.1	-107.61	-31.06	0.753	1	19.389	0	11.773	1	0.753	1	134.00	12.81
196.2	-107.55	-31.25	0.645	1	19.552	0	11.640	1	0.645	1	134.00	12.81
196.3	-107.50	-31.43	0.543	1	19.715	0	11.508	1	0.543	1	134.00	12.81
196.4	-107.44	-31.62	0.448	1	19.879	0	11.378	1	0.448	1	134.00	12.81
196.5	-107.39	-31.81	0.361	1	20.044	0	11.249	1	0.361	1	134.00	12.81
196.6	-107.33	-32.00	0.283	1	20.208	0	11.121	1	0.283	1	134.00	12.81
196.7	-107.28	-32.18	0.213	1	20.373	0	10.996	1	0.213	1	134.00	12.81
196.8	-107.22	-32.37	0.152	1	20.538	0	10.872	1	0.152	1	134.00	12.81
196.9	-107.16	-32.56	0.101	1	20.704	0	10.750	1	0.101	1	134.00	12.81
197.0	-107.11	-32.75	0.060	1	20.870	0	10.629	1	0.060	1	136.50	12.93
197.1	-107.05	-32.93	0.029	1	21.036	0	10.511	1	0.029	1	136.50	12.93
197.2	-106.99	-33.12	0.009	1	21.203	0	10.394	1	0.009	1	136.50	12.93
197.3	-106.93	-33.31	0.000	1	21.370	0	10.280	1	0.000	1	136.50	12.93
197.4	-106.87	-33.49	0.002	1	21.537	0	10.167	1	0.002	1	136.50	12.93
197.5	-106.82	-33.68	0.015	1	21.704	0	10.057	1	0.015	1	136.50	12.93
197.6	-106.76	-33.87	0.038	1	21.872	0	9.949	1	0.038	1	136.50	12.93
197.7	-106.70	-34.05	0.072	1	22.040	0	9.843	1	0.072	1	136.50	12.93
197.8	-106.64	-34.24	0.117	1	22.208	0	9.740	1	0.117	1	136.50	12.93
197.9	-106.58	-34.42	0.171	1	22.377	0	9.639	1	0.171	1	136.50	12.93
198.0	-106.52	-34.61	0.235	1	22.546	0	9.541	1	0.235	1	136.75	13.40
198.1	-106.46	-34.80	0.308	1	22.715	0	9.445	1	0.308	1	136.75	13.40
198.2	-106.40	-34.98	0.390	1	22.884	0	9.351	1	0.390	1	136.75	13.40
198.3	-106.34	-35.17	0.480	1	23.053	0	9.261	1	0.480	1	136.75	13.40
198.4	-106.27	-35.35	0.577	1	23.223	0	9.173	1	0.577	1	136.75	13.40
198.5	-106.21	-35.54	0.681	1	23.393	0	9.088	1	0.681	1	136.75	13.40
198.6	-106.15	-35.72	0.792	1	23.563	0	9.006	1	0.792	1	136.75	13.40
198.7	-106.09	-35.91	0.833	1	23.734	0	8.928	1	0.833	1	136.75	13.40
198.8	-106.02	-36.09	0.720	1	23.904	0	8.852	1	0.720	1	136.75	13.40
198.9	-105.96	-36.28	0.614	1	24.075	0	8.779	1	0.614	1	136.75	13.40
199.0	-105.90	-36.46	0.514	1	24.246	0	8.710	1	0.514	1	136.75	14.37
199.1	-105.83	-36.65	0.422	1	24.417	0	8.644	1	0.422	1	136.75	14.37
199.2	-105.77	-36.83	0.338	1	24.589	0	8.582	1	0.338	1	136.75	14.37
199.3	-105.71	-37.02	0.262	1	24.760	0	8.523	1	0.262	1	136.75	14.37
199.4	-105.64	-37.20	0.195	1	24.932	0	8.467	1	0.195	1	136.75	14.37
199.5	-105.58	-37.39	0.137	1	25.104	0	8.416	1	0.137	1	136.75	14.37
199.6	-105.51	-37.57	0.089	1	25.276	0	8.367	1	0.089	1	136.75	14.37
199.7	-105.44	-37.75	0.052	1	25.448	0	8.323	1	0.052	1	136.75	14.37
199.8	-105.38	-37.94	0.024	1	25.621	0	8.283	1	0.024	1	136.75	14.37
199.9	-105.31	-38.12	0.008	1	25.793	0	8.246	1	0.008	1	136.75	14.37
200.0	-105.25	-38.31	0.002	1	25.966	0	8.213	1	0.002	1	137.00	14.47
200.1	-105.18	-38.49	0.008	1	26.139	0	8.184	1	0.008	1	137.00	14.47
200.2	-105.11	-38.67	0.024	1	26.312	0	8.159	1	0.024	1	137.00	14.47
200.3	-105.04	-38.86	0.051	1	26.485	0	8.139	1	0.051	1	137.00	14.47
200.4	-104.98	-39.04	0.088	1	26.658	0	8.122	1	0.088	1	137.00	14.47
200.5	-104.91	-39.22	0.136	1	26.832	0	8.109	1	0.136	1	137.00	14.47
200.6	-104.84	-39.41	0.194	1	27.006	0	8.101	1	0.194	1	137.00	14.47
200.7	-104.77	-39.59	0.261	1	27.179	0	8.096	1	0.261	1	137.00	14.47
200.8	-104.70	-39.77	0.336	1	27.353	0	8.096	1	0.336	1	137.00	14.47
200.9	-104.63	-39.95	0.421	1	27.527	0	8.100	1	0.421	1	137.00	14.47
201.0	-104.56	-40.14	0.513	1	27.701	0	8.107	1	0.513	1	137.00	13.76
201.1	-104.49	-40.32	0.612	1	27.876	0	8.119	1	0.612	1	137.00	13.76
201.2	-104.42	-40.50	0.718	1	28.050	0	8.136	1	0.718	1	137.00	13.76
201.3	-104.35	-40.68	0.831	1	28.224	0	8.156	1	0.831	1	137.00	13.76
201.4	-104.28	-40.87	0.792	1	28.399	0	8.180	1	0.792	1	137.00	13.76
201.5	-104.21	-41.05	0.681	1	28.574	0	8.208	1	0.681	1	137.00	13.76
201.6	-104.13	-41.23	0.577	1	28.749	0	8.240	1	0.577	1	137.00	13.76
201.7	-104.06	-41.41	0.480	1	28.924	0	8.276	1	0.480	1	137.00	13.76
201.8	-103.99	-41.59	0.390	1	29.099	0	8.316	1	0.390	1	137.00	13.76
201.9	-103.92	-41.77	0.309	1	29.274	0	8.360	1	0.309	1	137.00	13.76
202.0	-103.84	-41.96	0.236	1	29.449	0	8.407	1	0.236	1	137.00	15.33
202.1	-103.77	-42.14	0.172	1	29.624	0	8.459	1	0.172	1	137.00	15.33
202.2	-103.70	-42.32	0.117	1	29.800	0	8.513	1	0.117	1	137.00	15.33
202.3	-103.62	-42.50	0.073	1	29.975	0	8.572	1	0.073	1	137.00	15.33
202.4	-103.55	-42.68	0.038	1	30.151	0	8.634	1	0.038	1	137.00	15.33
202.5	-103.47	-42.86	0.015	1	30.327	0	8.699	1	0.015	1	137.00	15.33
202.6	-103.40	-43.04	0.002	1	30.503	0	8.768	1	0.002	1	137.00	15.33
202.7	-103.32	-43.22	-0.000	1	30.616	0	8.840	1	-0.000	1	137.00	15.33
202.8	-103.25	-43.40	0.009	1	30.727	0	8.915	1	0.009	1	137.00	15.33
202.9	-103.17	-43.58	0.029	1	30.839	0	8.993	1	0.029	1	137.00	15.33
203.0	-103.10	-43.76	0.059	1	30.952	0	9.074	1	0.059	1	137.00	14.68
203.1	-103.02	-43.94	0.100	1	31.065	0	9.159	1	0.100	1	137.00	14.68
203.2	-102.94	-44.12	0.151	1	31.178	0	9.246	1	0.151	1	137.00	14.68
203.3	-102.87	-44.30	0.212	1	31.293	0	9.336	1	0.212	1	137.00	14.68
203.4	-102.79	-44.48	0.282	1	31.407	0	9.429	1	0.282	1	137.00	14.68
203.5	-102.71	-44.66	0.361	1	31.522	0	9.524	1	0.361	1	137.00	14.68
203.6	-102.63	-44.84	0.448	1	31.638	0	9.622	1	0.448	1	137.00	14.68
203.7	-102.55	-45.02	0.542	1	31.754	0	9.723	1	0.542	1	137.00	14.68
203.8	-102.48	-45.20	0.644	1	31.870	0	9.826	1	0.644	1	137.00	14.68
203.9	-102.40	-45.38	0.753	1	31.987	0	9.931	1	0.753	1	137.00	14.68
204.0	-102.32	-45.55	0.864	1	32.105	0	10.039	1	0.864	1	133.75	13.87
204.1	-102.24	-45.73	0.750	1	32.223	0	10.149	1	0.750	1	133.75	13.87
204.2	-102.16	-45.91	0.641	1	32.341	0	10.261	1	0.641	1	133.75	13.87
204.3	-102.08	-46.09	0.539	1	32.460	0	10.375	1	0.539	1	133.75	13.87
204.4	-102.00	-46.27	0.445	1	32.579	0	10.491	1	0.445	1	133.75	13.87
204.5	-101.92	-46.45	0.358	1	32.698	0	10.609	1	0.358	1	133.75	13.87
204.6	-101.83	-46.62	0.279	1	32.818	0	10.729	1	0.279	1	133.75	13.87
204.7	-101.75	-46.80	0.209	1	32.939	0	10.851	1	0.209	1	133.75	13.87
204.8	-101.67	-46.98	0.148	1	33.060	0	10.975	1	0.148	1	133.75	13.87
204.9	-101.59	-47.16	0.097	1	33.181	0	11.100	1	0.097	1	133.75	13.87
205.0	-101.51	-47.33	0.056	1	33.303	0	11.227	1	0.056	1	133.50	13.18
205.1	-101.42	-47.51	0.025	1	33.425	0	11.356	1	0.025	1	133.50	13.18
205.2	-101.34	-47.69	0.005	1	33.547	0	11.486	1	0.005	1	133.50	13.18
205.3	-101.26	-47.86	-0.004	1	33.670	0	11.618	1	-0.004	1	133.50	13.18
205.4	-101.17	-48.04	-0.002	1	33.794	0	11.751	1	-0.002	1	133.50	13.18
205.5	-101.09	-48.22	0.011	1	33.917	0	11.886	1	0.011	1	133.50	13.18
205.6	-101.01	-48.39	0.035	1	34.041	0	12.022	1	0.035	1	133.50	13.18
205.7	-100.92	-48.57	0.069	1	34.166	0	12.159	1	0.069	1	133.50	13.18
205.8	-100.84	-48.75	0.114	1	34.291	0	12.297	1	0.114	1	133.50	13.18
205.9	-100.75	-48.92	0.168	1	34.416	0	12.437	1	0.168	1	133.50	13.18
206.0	-100.66	-49.10	0.232	1	34.541	0	12.578	1	0.232	1	133.50	12.50
206.1	-100.58	-49.27	0.305	1	34.667	0	12.720	1	0.305	1	133.50	12.50
206.2	-100.49	-49.45	0.387	1	34.793	0	12.864	1	0.387	1	133.50	12.50
206.3	-100.41	-49.62	0.477	1	34.920	0	13.008	1	0.477	1	133.50	12.50
206.4	-100.32	-49.80	0.574	1	35.047	0	13.153	1	0.574	1	133.50	12.50
206.5	-100.23	-49.97	0.678	1	35.174	0	13.300	1	0.678	1	133.50	12.50
206.6	-100.15	-50.15	0.789	1	35.302	0	13.447	1	0.789	1	133.50	12.50
206.7	-100.06	-50.32	0.830	1	35.430	0	13.595	1	0.830	1	133.50	12.50
206.8	-99.97	-50.50	0.717	1	35.558	0	13.745	1	0.717	1	133.50	12.50
206.9	-99.88	-50.67	0.611	1	35.687	0	13.895	1	0.611	1	133.50	12.50
207.0	-99.79	-50.85	0.511	1	35.816	0	14.046	1	0.511	1	133.50	11.75
207.1	-99.70	-51.02	0.419	1	35.945	0	14.198	1	0.419	1	133.50	11.75
207.2	-99.61	-51.19	0.335	1	36.075	0	14.350	1	0.335	1	133.50	11.75
207.3	-99.53	-51.37	0.259	1	36.205	0	14.504	1	0.259	1	133.50	11.75
207.4	-99.44	-51.54	0.192	1	36.335	0	14.658	1	0.192	1	133.50	11.75
207.5	-99.35	-51.72	0.135	1	36.465	0	14.813	1	0.135	1	133.50	11.75
207.6	-99.25	-51.89	0.087	1	36.588	0	14.969	1	0.087	1	133.50	11.75
207.7	-99.16	-52.06	0.049	1	36.709	0	15.125	1	0.049	1	133.50	11.75
207.8	-99.07	-52.24	0.022	1	36.830	0	15.282	1	0.022	1	133.50	11.75
207.9	-98.98	-52.41	0.006	1	36.952	0	15.440	1	0.006	1	133.50	11.75
208.0	-98.89	-52.58	0.001	1	37.074	0	15.598	1	0.001	1	133.50	11.13
208.1	-98.80	-52.75	0.006	1	37.196	0	15.757	1	0.006	1	133.50	11.13
208.2	-98.71	-52.93	0.023	1	37.319	0	15.916	1	0.023	1	133.50	11.13
208.3	-98.61	-53.10	0.050	1	37.442	0	16.077	1	0.050	1	133.50	11.13
208.4	-98.52	-53.27	0.088	1	37.565	0	16.237	1	0.088	1	133.50	11.13
208.5	-98.43	-53.44	0.135	1	37.689	0	16.398	1	0.135	1	133.50	11.13
208.6	-98.33	-53.61	0.193	1	37.813	0	16.560	1	0.193	1	133.50	11.13
208.7	-98.24	-53.79	0.260	1	37.937	0	16.722	1	0.260	1	133.50	11.13
208.8	-98.15	-53.96	0.336	1	38.061	0	16.885	1	0.336	1	133.50	11.13
208.9	-98.05	-54.13	0.420	1	38.186	0	17.048	1	0.420	1	133.50	11.13
209.0	-97.96	-54.30	0.513	1	38.311	0	17.212	1	0.513	1	133.50	10.80
209.1	-97.86	-54.47	0.612	1	38.437	0	17.376	1	0.612	1	133.50	10.80
209.2	-97.77	-54.64	0.719	1	38.563	0	17.541	1	0.719	1	133.50	10.80
209.3	-97.67	-54.81	0.831	1	38.689	0	17.706	1	0.831	1	133.50	10.80
209.4	-97.58	-54.98	0.790	1	38.815	0	17.871	1	0.790	1	133.50	10.80
209.5	-97.48	-55.15	0.679	1	38.942	0	18.037	1	0.679	1	133.50	10.80
209.6	-97.38	-55.32	0.575	1	39.069	0	18.203	1	0.575	1	133.50	10.80
209.7	-97.29	-55.49	0.477	1	39.196	0	18.370	1	0.477	1	133.50	10.80
209.8	-97.19	-55.66	0.388	1	39.323	0	18.331	1	0.388	1	133.50	10.80
209.9	-97.09	-55.83	0.306	1	39.451	0	18.292	1	0.306	1	133.50	10.80
210.0	-96.99	-56.00	0.233	1	39.579	0	18.254	1	0.233	1	133.50	10.68
210.1	-96.90	-56.17	0.169	1	39.708	0	18.218	1	0.169	1	133.50	10.68
210.2	-96.80	-56.34	0.114	1	39.836	0	18.183	1	0.114	1	133.50	10.68
210.3	-96.70	-56.51	0.070	1	39.965	0	18.149	1	0.070	1	133.50	10.68
210.4	-96.60	-56.68	0.036	1	40.094	0	18.117	1	0.036	1	133.50	10.68
210.5	-96.50	-56.84	0.012	1	40.223	0	18.086	1	0.012	1	133.50	10.68
210.6	-96.40	-57.01	-0.001	1	40.353	0	18.056	1	-0.001	1	133.50	10.68
210.7	-96.30	-57.18	-0.003	1	40.483	0	18.027	1	-0.003	1	133.50	10.68
210.8	-96.20	-57.35	0.006	1	40.613	0	18.000	1	0.006	1	133.50	10.68
210.9	-96.10	-57.52	0.026	1	40.744	0	17.974	1	0.026	1	133.50	10.68
211.0	-96.00	-57.68	0.057	1	40.874	0	17.950	1	0.057	1	133.50	10.56
211.1	-95.90	-57.85	0.098	1	41.005	0	17.927	1	0.098	1	133.50	10.56
211.2	-95.80	-58.02	0.149	1	41.136	0	17.905	1	0.149	1	133.50	10.56
211.3	-95.70	-58.19	0.210	1	41.268	0	17.884	1	0.210	1	133.50	10.56
211.4	-95.60	-58.35	0.280	1	41.399	0	17.865	1	0.280	1	133.50	10.56
211.5	-95.50	-58.52	0.359	1	41.531	0	17.834	1	0.359	1	133.50	10.56
211.6	-95.39	-58.69	0.446	1	41.663	0	17.718	1	0.446	1	133.50	10.56
211.7	-95.29	-58.85	0.541	1	41.795	0	17.604	1	0.541	1	133.50	10.56
211.8	-95.19	-59.02	0.642	1	41.928	0	17.491	1	0.642	1	133.50	10.56
211.9	-95.08	-59.19	0.751	1	42.061	0	17.379	1	0.751	1	133.50	10.56
212.0	-94.98	-59.35	0.865	1	42.193	0	17.268	1	0.865	1	133.50	10.28
212.1	-94.88	-59.52	0.750	1	42.327	0	17.158	1	0.750	1	133.50	10.28
212.2	-94.77	-59.68	0.642	1	42.460	0	17.049	1	0.642	1	133.50	10.28
212.3	-94.67	-59.85	0.540	1	42.594	0	16.941	1	0.540	1	133.50	10.28
212.4	-94.56	-60.01	0.445	1	42.727	0	16.834	1	0.445	1	133.50	10.28
212.5	-94.46	-60.18	0.358	1	42.861	0	16.729	1	0.358	1	133.50	10.28
212.6	-94.35	-60.34	0.279	1	42.996	0	16.624	1	0.279	1	133.50	10.28
212.7	-94.25	-60.51	0.209	1	43.130	0	16.521	1	0.209	1	133.50	10.28
212.8	-94.14	-60.67	0.149	1	43.265	0	16.419	1	0.149	1	133.50	10.28
212.9	-94.04	-60.84	0.097	1	43.400	0	16.319	1	0.097	1	133.50	10.28
213.0	-93.93	-61.00	0.056	1	43.535	0	16.219	1	0.056	1	133.50	9.81
213.1	-93.82	-61.16	0.026	1	43.670	0	16.121	1	0.026	1	133.50	9.81
213.2	-93.72	-61.33	0.006	1	43.805	0	16.024	1	0.006	1	133.50	9.81
213.3	-93.61	-61.49	-0.003	1	43.941	0	15.928	1	-0.003	1	133.50	9.81
213.4	-93.50	-61.65	-0.001	1	44.077	0	15.834	1	-0.001	1	133.50	9.81
213.5	-93.40	-61.82	0.012	1	44.213	0	15.741	1	0.012	1	133.50	9.81
213.6	-93.29	-61.98	0.035	1	44.349	0	15.650	1	0.035	1	133.50	9.81
213.7	-93.18	-62.14	0.069	1	44.485	0	15.560	1	0.069	1	133.50	9.81
213.8	-93.07	-62.31	0.114	1	44.622	0	15.471	1	0.114	1	133.50	9.81
213.9	-92.96	-62.47	0.169	1	44.758	0	15.384	1	0.169	1	133.50	9.81
214.0	-92.85	-62.63	0.233	1	44.895	0	15.298	1	0.233	1	134.25	9.39
214.1	-92.74	-62.79	0.306	1	45.032	0	15.214	1	0.306	1	134.25	9.39
214.2	-92.63	-62.95	0.387	1	45.170	0	15.131	1	0.387	1	134.25	9.39
214.3	-92.52	-63.11	0.477	1	45.307	0	15.050	1	0.477	1	134.25	9.39
214.4	-92.41	-63.28	0.574	1	45.445	0	14.970	1	0.574	1	134.25	9.39
214.5	-92.30	-63.44	0.679	1	45.582	0	14.892	1	0.679	1	134.25	9.39
214.6	-92.19	-63.60	0.789	1	45.720	0	14.815	1	0.789	1	134.25	9.39
214.7	-92.08	-63.76	0.831	1	45.858	0	14.740	1	0.831	1	134.25	9.39
214.8	-91.97	-63.92	0.718	1	45.997	0	14.667	1	0.718	1	134.25	9.39
214.9	-91.86	-64.08	0.612	1	46.135	0	14.596	1	0.612	1	134.25	9.39
215.0	-91.75	-64.24	0.512	1	46.274	0	14.526	1	0.512	1	135.00	8.93
215.1	-91.63	-64.40	0.420	1	46.412	0	14.458	1	0.420	1	135.00	8.93
215.2	-91.52	-64.56	0.336	1	46.551	0	14.391	1	0.336	1	135.00	8.93
215.3	-91.41	-64.72	0.259	1	46.690	0	14.327	1	0.259	1	135.00	8.93
215.4	-91.29	-64.88	0.192	1	46.829	0	14.264	1	0.192	1	135.00	8.93
215.5	-91.18	-65.04	0.135	1	46.969	0	14.203	1	0.135	1	135.00	8.93
215.6	-91.07	-65.20	0.087	1	47.108	0	14.143	1	0.087	1	135.00	8.93
215.7	-90.95	-65.36	0.049	1	47.248	0	14.086	1	0.049	1	135.00	8.93
215.8	-90.84	-65.52	0.021	1	47.387	0	14.030	1	0.021	1	135.00	8.93
215.9	-90.72	-65.67	0.005	1	47.527	0	13.977	1	0.005	1	135.00	8.93
216.0	-90.61	-65.83	-0.001	1	47.667	0	13.925	1	-0.001	1	135.75	8.35
216.1	-90.49	-65.99	0.005	1	47.808	0	13.875	1	0.005	1	135.75	8.35
216.2	-90.38	-66.15	0.021	1	47.948	0	13.827	1	0.021	1	135.75	8.35
216.3	-90.26	-66.31	0.048	1	48.088	0	13.781	1	0.048	1	135.75	8.35
216.4	-90.15	-66.46	0.085	1	48.229	0	13.737	1	0.085	1	135.75	8.35
216.5	-90.03	-66.62	0.133	1	48.370	0	13.695	1	0.133	1	135.75	8.35
216.6	-89.92	-66.78	0.190	1	48.511	0	13.655	1	0.190	1	135.75	8.35
216.7	-89.80	-66.93	0.257	1	48.651	0	13.617	1	0.257	1	135.75	8.35
216.8	-89.68	-67.09	0.333	1	48.793	0	13.581	1	0.333	1	135.75	8.35
216.9	-89.56	-67.25	0.417	1	48.934	0	13.547	1	0.417	1	135.75	8.35
217.0	-89.45	-67.40	0.509	1	49.075	0	13.515	1	0.509	1	136.50	7.80
217.1	-89.33	-67.56	0.609	1	49.217	0	13.485	1	0.609	1	136.50	7.80
217.2	-89.21	-67.72	0.715	1	49.358	0	13.458	1	0.715	1	136.50	7.80
217.3	-89.09	-67.87	0.828	1	49.500	0	13.432	1	0.828	1	136.50	7.80
217.4	-88.97	-68.03	0.796	1	49.642	0	13.409	1	0.796	1	136.50	7.80
217.5	-88.86	-68.18	0.685	1	49.784	0	13.387	1	0.685	1	136.50	7.80
217.6	-88.74	-68.34	0.581	1	49.926	0	13.368	1	0.581	1	136.50	7.80
217.7	-88.62	-68.49	0.484	1	50.068	0	13.351	1	0.484	1	136.50	7.80
217.8	-88.50	-68.65	0.394	1	50.210	0	13.336	1	0.394	1	136.50	7.80
217.9	-88.38	-68.80	0.313	1	50.353	0	13.323	1	0.313	1	136.50	7.80
218.0	-88.26	-68.95	0.240	1	50.495	0	13.312	1	0.240	1	136.50	6.80
218.1	-88.14	-69.11	0.176	1	50.638	0	13.304	1	0.176	1	136.50	6.80
218.2	-88.02	-69.26	0.121	1	50.781	0	13.298	1	0.121	1	136.50	6.80
218.3	-87.89	-69.42	0.076	1	50.924	0	13.293	1	0.076	1	136.50	6.80
218.4	-87.77	-69.57	0.042	1	51.067	0	13.291	1	0.042	1	136.50	6.80
218.5	-87.65	-69.72	0.018	1	51.210	0	13.291	1	0.018	1	136.50	6.80
218.6	-87.53	-69.87	0.005	1	51.353	0	13.294	1	0.005	1	136.50	6.80
218.7	-87.41	-70.03	0.003	1	51.496	0	13.298	1	0.003	1	136.50	6.80
218.8	-87.29	-70.18	0.012	1	51.639	0	13.305	1	0.012	1	136.50	6.80
218.9	-87.16	-70.33	0.032	1	51.783	0	13.314	1	0.032	1	136.50	6.80
219.0	-87.04	-70.48	0.063	1	51.926	0	13.325	1	0.063	1	136.50	6.75
219.1	-86.92	-70.64	0.104	1	52.070	0	13.338	1	0.104	1	136.50	6.75
219.2	-86.79	-70.79	0.154	1	52.214	0	13.353	1	0.154	1	136.50	6.75
219.3	-86.67	-70.94	0.215	1	52.358	0	13.371	1	0.215	1	136.50	6.75
219.4	-86.55	-71.09	0.285	1	52.502	0	13.390	1	0.285	1	136.50	6.75
219.5	-86.42	-71.24	0.363	1	52.646	0	13.412	1	0.363	1	136.50	6.75
219.6	-86.30	-71.39	0.450	1	52.790	0	13.436	1	0.450	1	136.50	6.75
219.7	-86.17	-71.54	0.545	1	52.934	0	13.462	1	0.545	1	136.50	6.75
219.8	-86.05	-71.69	0.646	1	53.078	0	13.490	1	0.646	1	136.50	6.75
219.9	-85.92	-71.84	0.755	1	53.223	0	13.520	1	0.755	1	136.50	6.75
220.0	-85.80	-71.99	0.869	1	53.367	0	13.552	1	0.869	1	136.25	6.30
220.1	-85.67	-72.14	0.757	1	53.512	0	13.586	1	0.757	1	136.25	6.30
220.2	-85.55	-72.29	0.648	1	53.657	0	13.622	1	0.648	1	136.25	6.30
220.3	-85.42	-72.44	0.546	1	53.801	0	13.661	1	0.546	1	136.25	6.30
220.4	-85.29	-72.59	0.452	1	53.946	0	13.701	1	0.452	1	136.25	6.30
220.5	-85.17	-72.74	0.364	1	54.091	0	13.743	1	0.364	1	136.25	6.30
220.6	-85.04	-72.89	0.286	1	54.236	0	13.788	1	0.286	1	136.25	6.30
220.7	-84.91	-73.04	0.215	1	54.381	0	13.834	1	0.215	1	136.25	6.30
220.8	-84.78	-73.18	0.154	1	54.526	0	13.882	1	0.154	1	136.25	6.30
220.9	-84.66	-73.33	0.103	1	54.671	0	13.932	1	0.103	1	136.25	6.30
221.0	-84.53	-73.48	0.062	1	54.817	0	13.984	1	0.062	1	136.00	5.87
221.1	-84.40	-73.63	0.031	1	54.962	0	14.038	1	0.031	1	136.00	5.87
221.2	-84.27	-73.77	0.011	1	55.108	0	14.094	1	0.011	1	136.00	5.87
221.3	-84.14	-73.92	0.002	1	55.253	0	14.152	1	0.002	1	136.00	5.87
221.4	-84.01	-74.07	0.003	1	55.399	0	14.211	1	0.003	1	136.00	5.87
221.5	-83.88	-74.21	0.016	1	55.544	0	14.273	1	0.016	1	136.00	5.87
221.6	-83.75	-74.36	0.039	1	55.690	0	14.336	1	0.039	1	136.00	5.87
221.7	-83.62	-74.51	0.073	1	55.836	0	14.401	1	0.073	1	136.00	5.87
221.8	-83.49	-74.65	0.117	1	55.982	0	14.467	1	0.117	1	136.00	5.87
221.9	-83.36	-74.80	0.172	1	56.128	0	14.536	1	0.172	1	136.00	5.87
222.0	-83.23	-74.94	0.235	1	56.274	0	14.606	1	0.235	1	132.75	6.14
222.1	-83.10	-75.09	0.308	1	56.420	0	14.678	1	0.308	1	132.75	6.14
222.2	-82.97	-75.23	0.390	1	56.566	0	14.751	1	0.390	1	132.75	6.14
222.3	-82.84	-75.38	0.479	1	56.712	0	14.744	1	0.479	1	132.75	6.14
222.4	-82.71	-75.52	0.576	1	56.858	0	14.673	1	0.576	1	132.75	6.14
222.5	-82.58	-75.67	0.680	1	57.005	0	14.604	1	0.680	1	132.75	6.14
222.6	-82.44	-75.81	0.790	1	57.151	0	14.537	1	0.790	1	132.75	6.14
222.7	-82.31	-75.95	0.828	1	57.297	0	14.472	1	0.828	1	132.75	6.14
222.8	-82.18	-76.10	0.716	1	57.444	0	14.409	1	0.716	1	132.75	6.14
222.9	-82.04	-76.24	0.610	1	57.590	0	14.348	1	0.610	1	132.75	6.14
223.0	-81.91	-76.38	0.510	1	57.737	0	14.289	1	0.510	1	132.75	6.87
223.1	-81.78	-76.53	0.418	1	57.884	0	14.232	1	0.418	1	132.75	6.87
223.2	-81.64	-76.67	0.334	1	58.030	0	14.177	1	0.334	1	132.75	6.87
223.3	-81.51	-76.81	0.259	1	58.177	0	14.124	1	0.259	1	132.75	6.87
223.4	-81.38	-76.95	0.192	1	58.324	0	14.073	1	0.192	1	132.75	6.87
223.5	-81.24	-77.10	0.134	1	58.471	0	14.024	1	0.134	1	132.75	6.87
223.6	-81.11	-77.24	0.087	1	58.618	0	13.977	1	0.087	1	132.75	6.87
223.7	-80.97	-77.38	0.050	1	58.765	0	13.932	1	0.050	1	132.75	6.87
223.8	-80.84	-77.52	0.023	1	58.912	0	13.890	1	0.023	1	132.75	6.87
223.9	-80.70	-77.66	0.007	1	59.059	0	13.849	1	0.007	1	132.75	6.87
224.0	-80.57	-77.80	0.001	1	59.206	0	13.811	1	0.001	1	133.50	5.56
224.1	-80.43	-77.94	0.007	1	59.353	0	13.775	1	0.007	1	133.50	5.56
224.2	-80.29	-78.08	0.024	1	59.500	0	13.741	1	0.024	1	133.50	5.56
224.3	-80.16	-78.22	0.051	1	59.648	0	13.710	1	0.051	1	133.50	5.56
224.4	-80.02	-78.36	0.089	1	59.795	0	13.680	1	0.089	1	133.50	5.56
224.5	-79.88	-78.50	0.137	1	59.942	0	13.653	1	0.137	1	133.50	5.56
224.6	-79.75	-78.64	0.195	1	60.090	0	13.628	1	0.195	1	133.50	5.56
224.7	-79.61	-78.78	0.262	1	60.237	0	13.606	1	0.262	1	133.50	5.56
224.8	-79.47	-78.92	0.338	1	60.385	0	13.586	1	0.338	1	133.50	5.56
224.9	-79.33	-79.06	0.423	1	60.532	0	13.568	1	0.423	1	133.50	5.56
225.0	-79.20	-79.20	0.515	1	60.680	0	13.552	1	0.515	1	133.50	4.07
225.1	-79.06	-79.33	0.615	1	60.827	0	13.539	1	0.615	1	133.50	4.07
225.2	-78.92	-79.47	0.721	1	60.975	0	13.528	1	0.721	1	133.50	4.07
225.3	-78.78	-79.61	0.834	1	61.123	0	13.519	1	0.834	1	133.50	4.07
225.4	-78.64	-79.75	0.787	1	61.270	0	13.513	1	0.787	1	133.50	4.07
225.5	-78.50	-79.88	0.677	1	61.418	0	13.509	1	0.677	1	133.50	4.07
225.6	-78.36	-80.02	0.573	1	61.566	0	13.507	1	0.573	1	133.50	4.07
225.7	-78.22	-80.16	0.476	1	61.714	0	13.508	1	0.476	1	133.50	4.07
225.8	-78.08	-80.29	0.386	1	61.862	0	13.511	1	0.386	1	133.50	4.07
225.9	-77.94	-80.43	0.305	1	62.010	0	13.516	1	0.305	1	133.50	4.07
226.0	-77.80	-80.57	0.232	1	62.157	0	13.524	1	0.232	1	133.50	2.94
226.1	-77.66	-80.70	0.168	1	62.305	0	13.534	1	0.168	1	133.50	2.94
226.2	-77.52	-80.84	0.114	1	62.453	0	13.547	1	0.114	1	133.50	2.94
226.3	-77.38	-80.97	0.069	1	62.601	0	13.561	1	0.069	1	133.50	2.94
226.4	-77.24	-81.11	0.035	1	62.750	0	13.578	1	0.035	1	133.50	2.94
226.5	-77.10	-81.24	0.012	1	62.898	0	13.598	1	0.012	1	133.50	2.94
226.6	-76.95	-81.38	-0.001	1	63.046	0	13.619	1	-0.001	1	133.50	2.94
226.7	-76.81	-81.51	-0.002	1	63.194	0	13.643	1	-0.002	1	133.50	2.94
226.8	-76.67	-81.64	0.007	1	63.342	0	13.670	1	0.007	1	133.50	2.94
226.9	-76.53	-81.78	0.027	1	63.490	0	13.698	1	0.027	1	133.50	2.94
227.0	-76.38	-81.91	0.058	1	63.639	0	13.729	1	0.058	1	133.75	2.14
227.1	-76.24	-82.04	0.099	1	63.787	0	13.762	1	0.099	1	133.75	2.14
227.2	-76.10	-82.18	0.151	1	63.935	0	13.797	1	0.151	1	133.75	2.14
227.3	-75.95	-82.31	0.212	1	63.837	0	13.834	1	0.212	1	133.75	2.14
227.4	-75.81	-82.44	0.282	1	63.682	0	13.874	1	0.282	1	133.75	2.14
227.5	-75.67	-82.58	0.361	1	63.528	0	13.916	1	0.361	1	133.75	2.14
227.6	-75.52	-82.71	0.448	1	63.374	0	13.960	1	0.448	1	133.75	2.14
227.7	-75.38	-82.84	0.543	1	63.219	0	14.006	1	0.543	1	133.75	2.14
227.8	-75.23	-82.97	0.645	1	63.065	0	14.054	1	0.645	1	133.75	2.14
227.9	-75.09	-83.10	0.754	1	62.911	0	14.104	1	0.754	1	133.75	2.14
228.0	-74.94	-83.23	0.865	1	62.756	0	14.156	1	0.865	1	133.75	1.68
228.1	-74.80	-83.36	0.750	1	62.602	0	14.211	1	0.750	1	133.75	1.68
228.2	-74.65	-83.49	0.641	1	62.448	0	14.267	1	0.641	1	133.75	1.68
228.3	-74.51	-83.62	0.539	1	62.294	0	14.325	1	0.539	1	133.75	1.68
228.4	-74.36	-83.75	0.445	1	62.140	0	14.386	1	0.445	1	133.75	1.68
228.5	-74.21	-83.88	0.358	1	61.985	0	14.448	1	0.358	1	133.75	1.68
228.6	-74.07	-84.01	0.279	1	61.831	0	14.512	1	0.279	1	133.75	1.68
228.7	-73.92	-84.14	0.209	1	61.677	0	14.578	1	0.209	1	133.75	1.68
228.8	-73.77	-84.27	0.148	1	61.523	0	14.646	1	0.148	1	133.75	1.68
228.9	-73.63	-84.40	0.097	1	61.369	0	14.716	1	0.097	1	133.75	1.68
229.0	-73.48	-84.53	0.056	1	61.215	0	14.788	1	0.056	1	134.00	2.02
229.1	-73.33	-84.66	0.025	1	61.061	0	14.861	1	0.025	1	134.00	2.02
229.2	-73.18	-84.78	0.005	1	60.907	0	14.937	1	0.005	1	134.00	2.02
229.3	-73.04	-84.91	-0.004	1	60.753	0	15.011	1	-0.004	1	134.00	2.02
229.4	-72.89	-85.04	-0.002	1	60.599	0	15.080	1	-0.002	1	134.00	2.02
229.5	-72.74	-85.17	0.011	1	60.445	0	15.152	1	0.011	1	134.00	2.02
229.6	-72.59	-85.29	0.035	1	60.291	0	15.225	1	0.035	1	134.00	2.02
229.7	-72.44	-85.42	0.069	1	60.137	0	15.300	1	0.069	1	134.00	2.02
229.8	-72.29	-85.55	0.114	1	59.983	0	15.376	1	0.114	1	134.00	2.02
229.9	-72.14	-85.67	0.168	1	59.829	0	15.455	1	0.168	1	134.00	2.02
230.0	-71.99	-85.80	0.232	1	59.675	0	15.535	1	0.232	1	133.75	3.03
230.1	-71.84	-85.92	0.305	1	59.521	0	15.616	1	0.305	1	133.75	3.03
230.2	-71.69	-86.05	0.387	1	59.368	0	15.700	1	0.387	1	133.75	3.03
230.3	-71.54	-86.17	0.477	1	59.214	0	15.784	1	0.477	1	133.75	3.03
230.4	-71.39	-86.30	0.574	1	59.060	0	15.871	1	0.574	1	133.75	3.03
230.5	-71.24	-86.42	0.678	1	58.907	0	15.959	1	0.678	1	133.75	3.03
230.6	-71.09	-86.55	0.789	1	58.753	0	16.048	1	0.789	1	133.75	3.03
230.7	-70.94	-86.67	0.826	1	58.599	0	16.139	1	0.826	1	133.75	3.03
230.8	-70.79	-86.79	0.713	1	58.446	0	16.232	1	0.713	1	133.75	3.03
230.9	-70.64	-86.92	0.607	1	58.292	0	16.325	1	0.607	1	133.75	3.03
231.0	-70.48	-87.04	0.507	1	58.139	0	16.421	1	0.507	1	133.75	4.46
231.1	-70.33	-87.16	0.415	1	57.985	0	16.517	1	0.415	1	133.75	4.46
231.2	-70.18	-87.29	0.331	1	57.832	0	16.615	1	0.331	1	133.75	4.46
231.3	-70.03	-87.41	0.255	1	57.678	0	16.715	1	0.255	1	133.75	4.46
231.4	-69.87	-87.53	0.188	1	57.525	0	16.815	1	0.188	1	133.75	4.46
231.5	-69.72	-87.65	0.131	1	57.372	0	16.917	1	0.131	1	133.75	4.46
231.6	-69.57	-87.77	0.083	1	57.219	0	17.021	1	0.083	1	133.75	4.46
231.7	-69.42	-87.89	0.045	1	57.065	0	17.125	1	0.045	1	133.75	4.46
231.8	-69.26	-88.02	0.018	1	56.912	0	17.231	1	0.018	1	133.75	4.46
231.9	-69.11	-88.14	0.002	1	56.759	0	17.338	1	0.002	1	133.75	4.46
232.0	-68.95	-88.26	-0.003	1	56.606	0	17.446	1	-0.003	1	134.75	6.82
232.1	-68.80	-88.38	0.002	1	56.453	0	17.555	1	0.002	1	134.75	6.82
232.2	-68.65	-88.50	0.019	1	56.300	0	17.666	1	0.019	1	134.75	6.82
232.3	-68.49	-88.62	0.046	1	56.147	0	17.777	1	0.046	1	134.75	6.82
232.4	-68.34	-88.74	0.084	1	55.994	0	17.890	1	0.084	1	134.75	6.82
232.5	-68.18	-88.86	0.132	1	55.841	0	18.004	1	0.132	1	134.75	6.82
232.6	-68.03	-88.97	0.189	1	55.688	0	18.119	1	0.189	1	134.75	6.82
232.7	-67.87	-89.09	0.257	1	55.535	0	18.235	1	0.257	1	134.75	6.82
232.8	-67.72	-89.21	0.333	1	55.383	0	18.352	1	0.333	1	134.75	6.82
232.9	-67.56	-89.33	0.417	1	55.230	0	18.470	1	0.417	1	134.75	6.82
233.0	-67.40	-89.45	0.509	1	55.077	0	18.588	1	0.509	1	134.75	10.06
233.1	-67.25	-89.56	0.609	1	54.925	0	18.708	1	0.609	1	134.75	10.06
233.2	-67.09	-89.68	0.716	1	54.772	0	18.829	1	0.716	1	134.75	10.06
233.3	-66.93	-89.80	0.828	1	54.620	0	18.951	1	0.828	1	134.75	10.06
233.4	-66.78	-89.92	0.795	1	54.468	0	19.074	1	0.795	1	134.75	10.06
233.5	-66.62	-90.03	0.685	1	54.315	0	19.197	1	0.685	1	134.75	10.06
233.6	-66.46	-90.15	0.581	1	54.163	0	19.322	1	0.581	1	134.75	10.06
233.7	-66.31	-90.26	0.484	1	54.011	0	19.447	1	0.484	1	134.75	10.06
233.8	-66.15	-90.38	0.394	1	53.859	0	19.573	1	0.394	1	134.75	10.06
233.9	-65.99	-90.49	0.313	1	53.706	0	19.700	1	0.313	1	134.75	10.06
234.0	-65.83	-90.61	0.240	1	53.554	0	19.828	1	0.240	1	134.75	12.20
234.1	-65.67	-90.72	0.176	1	53.402	0	19.957	1	0.176	1	134.75	12.20
234.2	-65.52	-90.84	0.122	1	53.250	0	20.086	1	0.122	1	134.75	12.20
234.3	-65.36	-90.95	0.078	1	53.099	0	20.216	1	0.078	1	134.75	12.20
234.4	-65.20	-91.07	0.044	1	52.947	0	20.347	1	0.044	1	134.75	12.20
234.5	-65.04	-91.18	0.021	1	52.795	0	20.399	1	0.021	1	134.75	12.20
234.6	-64.88	-91.29	0.008	1	52.643	0	20.418	1	0.008	1	134.75	12.20
234.7	-64.72	-91.41	0.006	1	52.492	0	20.439	1	0.006	1	134.75	12.20
234.8	-64.56	-91.52	0.015	1	52.340	0	20.462	1	0.015	1	134.75	12.20
234.9	-64.40	-91.63	0.035	1	52.189	0	20.486	1	0.035	1	134.75	12.20
235.0	-64.24	-91.75	0.066	1	52.037	0	20.511	1	0.066	1	134.75	13.34
235.1	-64.08	-91.86	0.107	1	51.886	0	20.537	1	0.107	1	134.75	13.34
235.2	-63.92	-91.97	0.158	1	51.735	0	20.565	1	0.158	1	134.75	13.34
235.3	-63.76	-92.08	0.219	1	51.584	0	20.594	1	0.219	1	134.75	13.34
235.4	-63.60	-92.19	0.289	1	51.433	0	20.625	1	0.289	1	134.75	13.34
235.5	-63.44	-92.30	0.368	1	51.282	0	20.656	1	0.368	1	134.75	13.34
235.6	-63.28	-92.41	0.455	1	51.131	0	20.690	1	0.455	1	134.75	13.34
235.7	-63.11	-92.52	0.550	1	50.980	0	20.724	1	0.550	1	134.75	13.34
235.8	-62.95	-92.63	0.651	1	50.829	0	20.760	1	0.651	1	134.75	13.34
235.9	-62.79	-92.74	0.760	1	50.678	0	20.797	1	0.760	1	134.75	13.34
236.0	-62.63	-92.85	0.864	1	50.528	0	20.835	1	0.864	1	134.50	14.23
236.1	-62.47	-92.96	0.749	1	50.377	0	20.875	1	0.749	1	134.50	14.23
236.2	-62.31	-93.07	0.641	1	50.227	0	20.916	1	0.641	1	134.50	14.23
236.3	-62.14	-93.18	0.539	1	50.077	0	20.958	1	0.539	1	134.50	14.23
236.4	-61.98	-93.29	0.445	1	49.926	0	21.002	1	0.445	1	134.50	14.23
236.5	-61.82	-93.40	0.358	1	49.776	0	21.046	1	0.358	1	134.50	14.23
236.6	-61.65	-93.50	0.279	1	49.626	0	21.093	1	0.279	1	134.50	14.23
236.7	-61.49	-93.61	0.210	1	49.476	0	21.140	1	0.210	1	134.50	14.23
236.8	-61.33	-93.72	0.149	1	49.326	0	21.188	1	0.149	1	134.50	14.23
236.9	-61.16	-93.82	0.098	1	49.176	0	21.238	1	0.098	1	134.50	14.23
237.0	-61.00	-93.93	0.058	1	49.027	0	21.289	1	0.058	1	134.50	14.01
237.1	-60.84	-94.04	0.027	1	48.850	0	21.341	1	0.027	1	134.50	14.01
237.2	-60.67	-94.14	0.008	1	48.664	0	21.395	1	0.008	1	134.50	14.01
237.3	-60.51	-94.25	-0.001	1	48.479	0	21.449	1	-0.001	1	134.50	14.01
237.4	-60.34	-94.35	0.001	1	48.293	0	21.505	1	0.001	1	134.50	14.01
237.5	-60.18	-94.46	0.014	1	48.108	0	21.562	1	0.014	1	134.50	14.01
237.6	-60.01	-94.56	0.038	1	47.922	0	21.620	1	0.038	1	134.50	14.01
237.7	-59.85	-94.67	0.073	1	47.736	0	21.679	1	0.073	1	134.50	14.01
237.8	-59.68	-94.77	0.118	1	47.550	0	21.740	1	0.118	1	134.50	14.01
237.9	-59.52	-94.88	0.172	1	47.365	0	21.801	1	0.172	1	134.50	14.01
238.0	-59.35	-94.98	0.237	1	47.179	0	21.864	1	0.237	1	134.00	14.75
238.1	-59.19	-95.08	0.310	1	46.993	0	21.928	1	0.310	1	134.00	14.75
238.2	-59.02	-95.19	0.392	1	46.807	0	21.993	1	0.392	1	134.00	14.75
238.3	-58.85	-95.29	0.482	1	46.621	0	22.059	1	0.482	1	134.00	14.75
238.4	-58.69	-95.39	0.579	1	46.435	0	22.126	1	0.579	1	134.00	14.75
238.5	-58.52	-95.50	0.683	1	46.249	0	22.194	1	0.683	1	134.00	14.75
238.6	-58.35	-95.60	0.794	1	46.064	0	22.264	1	0.794	1	134.00	14.75
238.7	-58.19	-95.70	0.827	1	45.878	0	22.334	1	0.827	1	134.00	14.75
238.8	-58.02	-95.80	0.715	1	45.692	0	22.406	1	0.715	1	134.00	14.75
238.9	-57.85	-95.90	0.608	1	45.505	0	22.478	1	0.608	1	134.00	14.75
239.0	-57.68	-96.00	0.509	1	45.319	0	22.552	1	0.509	1	133.75	14.53
239.1	-57.52	-96.10	0.417	1	45.133	0	22.626	1	0.417	1	133.75	14.53
239.2	-57.35	-96.20	0.332	1	44.947	0	22.702	1	0.332	1	133.75	14.53
239.3	-57.18	-96.30	0.257	1	44.761	0	22.779	1	0.257	1	133.75	14.53
239.4	-57.01	-96.40	0.190	1	44.575	0	22.856	1	0.190	1	133.75	14.53
239.5	-56.84	-96.50	0.132	1	44.389	0	22.935	1	0.132	1	133.75	14.53
239.6	-56.68	-96.60	0.084	1	44.202	0	23.015	1	0.084	1	133.75	14.53
239.7	-56.51	-96.70	0.047	1	44.016	0	23.095	1	0.047	1	133.75	14.53
239.8	-56.34	-96.80	0.020	1	43.830	0	23.177	1	0.020	1	133.75	14.53
239.9	-56.17	-96.90	0.003	1	43.644	0	23.259	1	0.003	1	133.75	14.53
240.0	-56.00	-96.99	-0.002	1	43.457	0	23.343	1	-0.002	1	133.50	14.13
240.1	-55.83	-97.09	0.003	1	43.271	0	23.427	1	0.003	1	133.50	14.13
240.2	-55.66	-97.19	0.020	1	43.084	0	23.512	1	0.020	1	133.50	14.13
240.3	-55.49	-97.29	0.047	1	42.898	0	23.599	1	0.047	1	133.50	14.13
240.4	-55.32	-97.38	0.085	1	42.712	0	23.686	1	0.085	1	133.50	14.13
240.5	-55.15	-97.48	0.133	1	42.525	0	23.774	1	0.133	1	133.50	14.13
240.6	-54.98	-97.58	0.190	1	42.339	0	23.863	1	0.190	1	133.50	14.13
240.7	-54.81	-97.67	0.257	1	42.152	0	23.953	1	0.257	1	133.50	14.13
240.8	-54.64	-97.77	0.333	1	41.966	0	24.043	1	0.333	1	133.50	14.13
240.9	-54.47	-97.86	0.418	1	41.779	0	24.135	1	0.418	1	133.50	14.13
241.0	-54.30	-97.96	0.510	1	41.593	0	24.227	1	0.510	1	133.50	13.67
241.1	-54.13	-98.05	0.610	1	41.406	0	24.320	1	0.610	1	133.50	13.67
241.2	-53.96	-98.15	0.716	1	41.219	0	24.414	1	0.716	1	133.50	13.67
241.3	-53.79	-98.24	0.829	1	41.033	0	24.509	1	0.829	1	133.50	13.67
241.4	-53.61	-98.33	0.788	1	40.846	0	24.605	1	0.788	1	133.50	13.67
241.5	-53.44	-98.43	0.678	1	40.659	0	24.701	1	0.678	1	133.50	13.67
241.6	-53.27	-98.52	0.574	1	40.473	0	24.799	1	0.574	1	133.50	13.67
241.7	-53.10	-98.61	0.477	1	40.286	0	24.897	1	0.477	1	133.50	13.67
241.8	-52.93	-98.71	0.387	1	40.099	0	24.996	1	0.387	1	133.50	13.67
241.9	-52.75	-98.80	0.305	1	39.913	0	25.095	1	0.305	1	133.50	13.67
242.0	-52.58	-98.89	0.233	1	39.726	0	25.196	1	0.233	1	133.25	13.18
242.1	-52.41	-98.98	0.169	1	39.539	0	25.297	1	0.169	1	133.25	13.18
242.2	-52.24	-99.07	0.114	1	39.352	0	25.399	1	0.114	1	133.25	13.18
242.3	-52.06	-99.16	0.070	1	39.165	0	25.501	1	0.070	1	133.25	13.18
242.4	-51.89	-99.25	0.036	1	38.979	0	25.604	1	0.036	1	133.25	13.18
242.5	-51.72	-99.35	0.012	1	38.792	0	25.708	1	0.012	1	133.25	13.18
242.6	-51.54	-99.44	-0.000	1	38.605	0	25.813	1	-0.000	1	133.25	13.18
242.7	-51.37	-99.53	-0.002	1	38.418	0	25.919	1	-0.002	1	133.25	13.18
242.8	-51.19	-99.61	0.007	1	38.231	0	26.025	1	0.007	1	133.25	13.18
242.9	-51.02	-99.70	0.027	1	38.044	0	26.132	1	0.027	1	133.25	13.18
243.0	-50.85	-99.79	0.058	1	37.857	0	26.239	1	0.058	1	133.25	12.25
243.1	-50.67	-99.88	0.099	1	37.670	0	26.347	1	0.099	1	133.25	12.25
243.2	-50.50	-99.97	0.150	1	37.483	0	26.456	1	0.150	1	133.25	12.25
243.3	-50.32	-100.06	0.211	1	37.296	0	26.565	1	0.211	1	133.25	12.25
243.4	-50.15	-100.15	0.282	1	37.109	0	26.676	1	0.282	1	133.25	12.25
243.5	-49.97	-100.23	0.360	1	36.922	0	26.786	1	0.360	1	133.25	12.25
243.6	-49.80	-100.32	0.448	1	36.735	0	26.898	1	0.448	1	133.25	12.25
243.7	-49.62	-100.41	0.542	1	36.548	0	27.010	1	0.542	1	133.25	12.25
243.8	-49.45	-100.49	0.644	1	36.361	0	27.122	1	0.644	1	133.25	12.25
243.9	-49.27	-100.58	0.753	1	36.174	0	27.235	1	0.753	1	133.25	12.25
244.0	-49.10	-100.66	0.868	1	35.987	0	27.349	1	0.868	1	133.25	11.59
244.1	-48.92	-100.75	0.753	1	35.800	0	27.464	1	0.753	1	133.25	11.59
244.2	-48.75	-100.84	0.645	1	35.613	0	27.578	1	0.645	1	133.25	11.59
244.3	-48.57	-100.92	0.543	1	35.426	0	27.694	1	0.543	1	133.25	11.59
244.4	-48.39	-101.01	0.448	1	35.239	0	27.810	1	0.448	1	133.25	11.59
244.5	-48.22	-101.09	0.361	1	35.051	0	27.927	1	0.361	1	133.25	11.59
244.6	-48.04	-101.17	0.282	1	34.864	0	28.044	1	0.282	1	133.25	11.59
244.7	-47.86	-101.26	0.211	1	34.677	0	28.162	1	0.211	1	133.25	11.59
244.8	-47.69	-101.34	0.150	1	34.490	0	28.280	1	0.150	1	133.25	11.59
244.9	-47.51	-101.42	0.099	1	34.303	0	28.399	1	0.099	1	133.25	11.59
245.0	-47.33	-101.51	0.058	1	34.116	0	28.518	1	0.058	1	134.00	11.86
245.1	-47.16	-101.59	0.027	1	33.928	0	28.638	1	0.027	1	134.00	11.86
245.2	-46.98	-101.67	0.007	1	33.741	0	28.759	1	0.007	1	134.00	11.86
245.3	-46.80	-101.75	-0.003	1	33.554	0	28.879	1	-0.003	1	134.00	11.86
245.4	-46.62	-101.83	-0.001	1	33.367	0	29.001	1	-0.001	1	134.00	11.86
245.5	-46.45	-101.92	0.012	1	33.180	0	29.123	1	0.012	1	134.00	11.86
245.6	-46.27	-102.00	0.035	1	32.992	0	29.245	1	0.035	1	134.00	11.86
245.7	-46.09	-102.08	0.069	1	32.805	0	29.368	1	0.069	1	134.00	11.86
245.8	-45.91	-102.16	0.113	1	32.618	0	29.491	1	0.113	1	134.00	11.86
245.9	-45.73	-102.24	0.168	1	32.431	0	29.615	1	0.168	1	134.00	11.86
246.0	-45.55	-102.32	0.232	1	32.243	0	29.621	1	0.232	1	133.75	12.37
246.1	-45.38	-102.40	0.304	1	32.056	0	29.529	1	0.304	1	133.75	12.37
246.2	-45.20	-102.48	0.386	1	31.869	0	29.438	1	0.386	1	133.75	12.37
246.3	-45.02	-102.55	0.475	1	31.682	0	29.347	1	0.475	1	133.75	12.37
246.4	-44.84	-102.63	0.573	1	31.494	0	29.257	1	0.573	1	133.75	12.37
246.5	-44.66	-102.71	0.677	1	31.307	0	29.168	1	0.677	1	133.75	12.37
246.6	-44.48	-102.79	0.787	1	31.120	0	29.080	1	0.787	1	133.75	12.37
246.7	-44.30	-102.87	0.829	1	30.933	0	28.992	1	0.829	1	133.75	12.37
246.8	-44.12	-102.94	0.716	1	30.745	0	28.905	1	0.716	1	133.75	12.37
246.9	-43.94	-103.02	0.609	1	30.558	0	28.819	1	0.609	1	133.75	12.37
247.0	-43.76	-103.10	0.509	1	30.371	0	28.733	1	0.509	1	133.50	12.84
247.1	-43.58	-103.17	0.417	1	30.184	0	28.648	1	0.417	1	133.50	12.84
247.2	-43.40	-103.25	0.333	1	29.997	0	28.564	1	0.333	1	133.50	12.84
247.3	-43.22	-103.32	0.257	1	29.809	0	28.481	1	0.257	1	133.50	12.84
247.4	-43.04	-103.40	0.189	1	29.622	0	28.399	1	0.189	1	133.50	12.84
247.5	-42.86	-103.47	0.131	1	29.435	0	28.317	1	0.131	1	133.50	12.84
247.6	-42.68	-103.55	0.083	1	29.248	0	28.236	1	0.083	1	133.50	12.84
247.7	-42.50	-103.62	0.046	1	29.060	0	28.156	1	0.046	1	133.50	12.84
247.8	-42.32	-103.70	0.018	1	28.873	0	28.077	1	0.018	1	133.50	12.84
247.9	-42.14	-103.77	0.002	1	28.686	0	27.998	1	0.002	1	133.50	12.84
248.0	-41.96	-103.84	-0.004	1	28.499	0	27.921	1	-0.004	1	133.25	13.23
248.1	-41.77	-103.92	0.001	1	28.312	0	27.844	1	0.001	1	133.25	13.23
248.2	-41.59	-103.99	0.018	1	28.125	0	27.768	1	0.018	1	133.25	13.23
248.3	-41.41	-104.06	0.045	1	27.937	0	27.693	1	0.045	1	133.25	13.23
248.4	-41.23	-104.13	0.082	1	27.750	0	27.619	1	0.082	1	133.25	13.23
248.5	-41.05	-104.21	0.130	1	27.563	0	27.545	1	0.130	1	133.25	13.23
248.6	-40.87	-104.28	0.187	1	27.376	0	27.376	1	0.187	1	133.25	13.23
248.7	-40.68	-104.35	0.254	1	27.189	0	27.189	1	0.254	1	133.25	13.23
248.8	-40.50	-104.42	0.330	1	27.002	0	27.002	1	0.330	1	133.25	13.23
248.9	-40.32	-104.49	0.414	1	26.815	0	26.815	1	0.414	1	133.25	13.23
249.0	-40.14	-104.56	0.506	1	26.628	0	26.628	1	0.506	1	133.00	13.53
249.1	-39.95	-104.63	0.606	1	26.441	0	26.441	1	0.606	1	133.00	13.53
249.2	-39.77	-104.70	0.712	1	26.254	0	26.254	1	0.712	1	133.00	13.53
249.3	-39.59	-104.77	0.825	1	26.067	0	26.067	1	0.825	1	133.00	13.53
249.4	-39.41	-104.84	0.791	1	25.880	0	25.880	1	0.791	1	133.00	13.53
249.5	-39.22	-104.91	0.680	1	25.693	0	25.693	1	0.680	1	133.00	13.53
249.6	-39.04	-104.98	0.576	1	25.506	0	25.506	1	0.576	1	133.00	13.53
249.7	-38.86	-105.04	0.479	1	25.319	0	25.319	1	0.479	1	133.00	13.53
249.8	-38.67	-105.11	0.389	1	25.132	0	25.132	1	0.389	1	133.00	13.53
249.9	-38.49	-105.18	0.308	1	24.945	0	24.945	1	0.308	1	133.00	13.53
250.0	-38.31	-105.25	0.235	1	24.758	0	24.758	1	0.235	1	132.50	13.34
250.1	-38.12	-105.31	0.171	1	24.572	0	24.572	1	0.171	1	132.50	13.34
250.2	-37.94	-105.38	0.116	1	24.385	0	24.385	1	0.116	1	132.50	13.34
250.3	-37.75	-105.44	0.072	1	24.198	0	24.198	1	0.072	1	132.50	13.34
250.4	-37.57	-105.51	0.037	1	24.011	0	24.011	1	0.037	1	132.50	13.34
250.5	-37.39	-105.58	0.014	1	23.825	0	23.825	1	0.014	1	132.50	13.34
250.6	-37.20	-105.64	0.001	1	23.638	0	23.638	1	0.001	1	132.50	13.34
250.7	-37.02	-105.71	-0.001	1	23.452	0	23.452	1	-0.001	1	132.50	13.34
250.8	-36.83	-105.77	0.008	1	23.265	0	23.265	1	0.008	1	132.50	13.34
250.9	-36.65	-105.83	0.028	1	23.079	0	23.079	1	0.028	1	132.50	13.34
251.0	-36.46	-105.90	0.059	1	22.892	0	22.892	1	0.059	1	132.00	13.10
251.1	-36.28	-105.96	0.100	1	22.706	0	22.706	1	0.100	1	132.00	13.10
251.2	-36.09	-106.02	0.151	1	22.519	0	22.519	1	0.151	1	132.00	13.10
251.3	-35.91	-106.09	0.212	1	22.333	0	22.333	1	0.212	1	132.00	13.10
251.4	-35.72	-106.15	0.282	1	22.147	0	22.147	1	0.282	1	132.00	13.10
251.5	-35.54	-106.21	0.361	1	21.960	0	21.960	1	0.361	1	132.00	13.10
251.6	-35.35	-106.27	0.448	1	21.774	0	21.774	1	0.448	1	132.00	13.10
251.7	-35.17	-106.34	0.542	1	21.588	0	21.588	1	0.542	1	132.00	13.10
251.8	-34.98	-106.40	0.644	1	21.402	0	21.402	1	0.644	1	132.00	13.10
251.9	-34.80	-106.46	0.753	1	21.216	0	21.216	1	0.753	1	132.00	13.10
252.0	-34.61	-106.52	0.867	1	21.030	0	21.030	1	0.867	1	131.75	12.78
252.1	-34.42	-106.58	0.752	1	20.844	0	20.844	1	0.752	1	131.75	12.78
252.2	-34.24	-106.64	0.643	1	20.658	0	20.658	1	0.643	1	131.75	12.78
252.3	-34.05	-106.70	0.541	1	20.472	0	20.472	1	0.541	1	131.75	12.78
252.4	-33.87	-106.76	0.446	1	20.287	0	20.287	1	0.446	1	131.75	12.78
252.5	-33.68	-106.82	0.359	1	20.101	0	20.101	1	0.359	1	131.75	12.78
252.6	-33.49	-106.87	0.280	1	19.915	0	19.915	1	0.280	1	131.75	12.78
252.7	-33.31	-106.93	0.210	1	19.730	0	19.730	1	0.210	1	131.75	12.78
252.8	-33.12	-106.99	0.149	1	19.545	0	19.545	1	0.149	1	131.75	12.78
252.9	-32.93	-107.05	0.098	1	19.359	0	19.359	1	0.098	1	131.75	12.78
253.0	-32.75	-107.11	0.056	1	19.174	0	19.174	1	0.056	1	131.50	12.33
253.1	-32.56	-107.16	0.025	1	18.989	0	18.989	1	0.025	1	131.50	12.33
253.2	-32.37	-107.22	0.005	1	18.804	0	18.804	1	0.005	1	131.50	12.33
253.3	-32.18	-107.28	-0.004	1	18.619	0	18.619	1	-0.004	1	131.50	12.33
253.4	-32.00	-107.33	-0.002	1	18.434	0	18.434	1	-0.002	1	131.50	12.33
253.5	-31.81	-107.39	0.010	1	18.249	0	18.249	1	0.010	1	131.50	12.33
253.6	-31.62	-107.44	0.034	1	18.064	0	18.064	1	0.034	1	131.50	12.33
253.7	-31.43	-107.50	0.068	1	17.880	0	17.880	1	0.068	1	131.50	12.33
253.8	-31.25	-107.55	0.112	1	17.695	0	17.695	1	0.112	1	131.50	12.33
253.9	-31.06	-107.61	0.166	1	17.511	0	17.511	1	0.166	1	131.50	12.33
254.0	-30.87	-107.66	0.230	1	17.327	0	17.327	1	0.230	1	131.25	11.79
254.1	-30.68	-107.72	0.303	1	17.142	0	17.142	1	0.303	1	131.25	11.79
254.2	-30.50	-107.77	0.385	1	16.958	0	16.958	1	0.385	1	131.25	11.79
254.3	-30.31	-107.82	0.474	1	16.775	0	16.775	1	0.474	1	131.25	11.79
254.4	-30.12	-107.87	0.571	1	16.591	0	16.591	1	0.571	1	131.25	11.79
254.5	-29.93	-107.93	0.675	1	16.407	0	16.407	1	0.675	1	131.25	11.79
254.6	-29.74	-107.98	0.786	1	16.224	0	16.224	1	0.786	1	131.25	11.79
254.7	-29.55	-108.03	0.832	1	16.040	0	16.040	1	0.832	1	131.25	11.79
254.8	-29.37	-108.08	0.720	1	15.857	0	15.857	1	0.720	1	131.25	11.79
254.9	-29.18	-108.13	0.613	1	15.674	0	15.674	1	0.613	1	131.25	11.79
255.0	-28.99	-108.18	0.514	1	15.491	0	15.491	1	0.514	1	131.00	11.21
255.1	-28.80	-108.23	0.422	1	15.309	0	15.309	1	0.422	1	131.00	11.21
255.2	-28.61	-108.28	0.338	1	15.126	0	15.126	1	0.338	1	131.00	11.21
255.3	-28.42	-108.33	0.262	1	14.944	0	14.944	1	0.262	1	131.00	11.21
255.4	-28.23	-108.38	0.196	1	14.762	0	14.762	1	0.196	1	131.00	11.21
255.5	-28.04	-108.43	0.138	1	14.580	0	14.580	1	0.138	1	131.00	11.21
255.6	-27.85	-108.48	0.091	1	14.398	0	14.398	1	0.091	1	131.00	11.21
255.7	-27.66	-108.53	0.053	1	14.217	0	14.217	1	0.053	1	131.00	11.21
255.8	-27.47	-108.58	0.026	1	14.036	0	14.036	1	0.026	1	131.00	11.21
255.9	-27.28	-108.63	0.010	1	13.855	0	13.855	1	0.010	1	131.00	11.21
256.0	-27.10	-108.67	0.005	1	13.674	0	13.674	1	0.005	1	132.00	10.39
256.1	-26.91	-108.72	0.010	1	13.493	0	13.493	1	0.010	1	132.00	10.39
256.2	-26.72	-108.77	0.027	1	13.313	0	13.313	1	0.027	1	132.00	10.39
256.3	-26.53	-108.81	0.054	1	13.133	0	13.133	1	0.054	1	132.00	10.39
256.4	-26.34	-108.86	0.092	1	12.953	0	12.953	1	0.092	1	132.00	10.39
256.5	-26.15	-108.91	0.140	1	12.774	0	12.774	1	0.140	1	132.00	10.39
256.6	-25.96	-108.95	0.197	1	12.595	0	12.595	1	0.197	1	132.00	10.39
256.7	-25.77	-109.00	0.264	1	12.416	0	12.416	1	0.264	1	132.00	10.39
256.8	-25.58	-109.04	0.340	1	12.238	0	12.238	1	0.340	1	132.00	10.39
256.9	-25.38	-109.09	0.425	1	12.060	0	12.060	1	0.425	1	132.00	10.39
257.0	-25.19	-109.13	0.517	1	11.882	0	11.882	1	0.517	1	132.00	10.30
257.1	-25.00	-109.17	0.616	1	11.705	0	11.705	1	0.616	1	132.00	10.30
257.2	-24.81	-109.22	0.723	1	11.528	0	11.528	1	0.723	1	132.00	10.30
257.3	-24.62	-109.26	0.835	1	11.351	0	11.351	1	0.835	1	132.00	10.30
257.4	-24.43	-109.30	0.795	1	11.175	0	11.175	1	0.795	1	132.00	10.30
257.5	-24.24	-109.35	0.684	1	10.999	0	10.999	1	0.684	1	132.00	10.30
257.6	-24.05	-109.39	0.580	1	10.824	0	10.824	1	0.580	1	132.00	10.30
257.7	-23.86	-109.43	0.483	1	10.650	0	10.650	1	0.483	1	132.00	10.30
257.8	-23.67	-109.47	0.394	1	10.475	0	10.475	1	0.394	1	132.00	10.30
257.9	-23.48	-109.51	0.312	1	10.302	0	10.302	1	0.312	1	132.00	10.30
258.0	-23.29	-109.55	0.239	1	10.129	0	10.129	1	0.239	1	131.75	11.99
258.1	-23.09	-109.59	0.176	1	9.956	0	9.956	1	0.176	1	131.75	11.99
258.2	-22.90	-109.63	0.121	1	9.785	0	9.785	1	0.121	1	131.75	11.99
258.3	-22.71	-109.67	0.077	1	9.613	0	9.613	1	0.077	1	131.75	11.99
258.4	-22.52	-109.71	0.043	1	9.443	0	9.443	1	0.043	1	131.75	11.99
258.5	-22.33	-109.75	0.020	1	9.273	0	9.273	1	0.020	1	131.75	11.99
258.6	-22.14	-109.79	0.007	1	9.104	0	9.104	1	0.007	1	131.75	11.99
258.7	-21.95	-109.83	0.005	1	8.936	0	8.936	1	0.005	1	131.75	11.99
258.8	-21.75	-109.87	0.014	1	8.769	0	8.769	1	0.014	1	131.75	11.99
258.9	-21.56	-109.90	0.034	1	8.603	0	8.603	1	0.034	1	131.75	11.99
259.0	-21.37	-109.94	0.065	1	8.437	0	8.437	1	0.065	1	131.75	12.18
259.1	-21.18	-109.98	0.106	1	8.273	0	8.273	1	0.106	1	131.75	12.18
259.2	-20.99	-110.02	0.157	1	8.109	0	8.109	1	0.157	1	131.75	12.18
259.3	-20.79	-110.05	0.218	1	7.947	0	7.947	1	0.218	1	131.75	12.18
259.4	-20.60	-110.09	0.288	1	7.786	0	7.786	1	0.288	1	131.75	12.18
259.5	-20.41	-110.12	0.367	1	7.626	0	7.626	1	0.367	1	131.75	12.18
259.6	-20.22	-110.16	0.454	1	7.468	0	7.468	1	0.454	1	131.75	12.18
259.7	-20.03	-110.20	0.549	1	7.310	0	7.310	1	0.549	1	131.75	12.18
259.8	-19.83	-110.23	0.651	1	7.155	0	7.155	1	0.651	1	131.75	12.18
259.9	-19.64	-110.26	0.759	1	7.001	0	7.001	1	0.759	1	131.75	12.18
260.0	-19.45	-110.30	0.869	1	6.848	0	6.848	1	0.869	1	131.50	12.28
260.1	-19.26	-110.33	0.754	1	6.698	0	6.698	1	0.754	1	131.50	12.28
260.2	-19.06	-110.37	0.645	1	6.549	0	6.549	1	0.645	1	131.50	12.28
260.3	-18.87	-110.40	0.544	1	6.402	0	6.402	1	0.544	1	131.50	12.28
260.4	-18.68	-110.43	0.449	1	6.257	0	6.257	1	0.449	1	131.50	12.28
260.5	-18.49	-110.46	0.362	1	6.114	0	6.114	1	0.362	1	131.50	12.28
260.6	-18.29	-110.50	0.283	1	5.974	0	5.974	1	0.283	1	131.50	12.28
260.7	-18.10	-110.53	0.213	1	5.837	0	5.837	1	0.213	1	131.50	12.28
260.8	-17.91	-110.56	0.152	1	5.702	0	5.702	1	0.152	1	131.50	12.28
260.9	-17.71	-110.59	0.101	1	5.569	0	5.569	1	0.101	1	131.50	12.28
261.0	-17.52	-110.62	0.060	1	5.440	0	5.440	1	0.060	1	131.00	12.26
261.1	-17.33	-110.65	0.030	1	5.314	0	5.314	1	0.030	1	131.00	12.26
261.2	-17.13	-110.68	0.010	1	5.192	0	5.192	1	0.010	1	131.00	12.26
261.3	-16.94	-110.71	0.001	1	5.073	0	5.073	1	0.001	1	131.00	12.26
261.4	-16.75	-110.74	0.003	1	4.958	0	4.958	1	0.003	1	131.00	12.26
261.5	-16.55	-110.77	0.015	1	4.847	0	4.847	1	0.015	1	131.00	12.26
261.6	-16.36	-110.80	0.039	1	4.714	0	4.714	1	0.039	1	131.00	12.26
261.7	-16.17	-110.83	0.073	1	4.564	0	4.564	1	0.073	1	131.00	12.26
261.8	-15.97	-110.85	0.118	1	4.417	0	4.417	1	0.118	1	131.00	12.26
261.9	-15.78	-110.88	0.172	1	4.273	0	4.273	1	0.172	1	131.00	12.26
262.0	-15.59	-110.91	0.236	1	4.132	0	4.132	1	0.236	1	130.75	12.35
262.1	-15.39	-110.94	0.309	1	3.994	0	3.994	1	0.309	1	130.75	12.35
262.2	-15.20	-110.96	0.391	1	3.860	0	3.860	1	0.391	1	130.75	12.35
262.3	-15.01	-110.99	0.480	1	3.730	0	3.730	1	0.480	1	130.75	12.35
262.4	-14.81	-111.02	0.577	1	3.604	0	3.604	1	0.577	1	130.75	12.35
262.5	-14.62	-111.04	0.682	1	3.482	0	3.482	1	0.682	1	130.75	12.35
262.6	-14.43	-111.07	0.792	1	3.365	0	3.365	1	0.792	1	130.75	12.35
262.7	-14.23	-111.09	0.835	1	3.254	0	3.254	1	0.835	1	130.75	12.35
262.8	-14.04	-111.12	0.722	1	3.148	0	3.148	1	0.722	1	130.75	12.35
262.9	-13.84	-111.14	0.615	1	3.049	0	3.049	1	0.615	1	130.75	12.35
263.0	-13.65	-111.17	0.516	1	2.956	0	2.956	1	0.516	1	131.00	12.11
263.1	-13.46	-111.19	0.424	1	2.870	0	2.870	1	0.424	1	131.00	12.11
263.2	-13.26	-111.21	0.339	1	2.792	0	2.792	1	0.339	1	131.00	12.11
263.3	-13.07	-111.24	0.263	1	2.722	0	2.722	1	0.263	1	131.00	12.11
263.4	-12.87	-111.26	0.196	1	2.660	0	2.660	1	0.196	1	131.00	12.11
263.5	-12.68	-111.28	0.138	1	2.607	0	2.607	1	0.138	1	131.00	12.11
263.6	-12.48	-111.30	0.090	1	2.563	0	2.563	1	0.090	1	131.00	12.11
263.7	-12.29	-111.32	0.052	1	2.528	0	2.528	1	0.052	1	131.00	12.11
263.8	-12.10	-111.34	0.025	1	2.504	0	2.504	1	0.025	1	131.00	12.11
263.9	-11.90	-111.37	0.009	1	2.489	0	2.489	1	0.009	1	131.00	12.11
264.0	-11.71	-111.39	0.003	1	2.485	0	2.485	1	0.003	1	130.75	11.49
264.1	-11.51	-111.41	0.008	1	2.491	0	2.491	1	0.008	1	130.75	11.49
264.2	-11.32	-111.43	0.024	1	2.507	0	2.507	1	0.024	1	130.75	11.49
264.3	-11.12	-111.45	0.051	1	2.533	0	2.533	1	0.051	1	130.75	11.49
264.4	-10.93	-111.47	0.089	1	2.568	0	2.568	1	0.089	1	130.75	11.49
264.5	-10.73	-111.48	0.136	1	2.613	0	2.613	1	0.136	1	130.75	11.49
264.6	-10.54	-111.50	0.194	1	2.668	0	2.668	1	0.194	1	130.75	11.49
264.7	-10.35	-111.52	0.260	1	2.731	0	2.731	1	0.260	1	130.75	11.49
264.8	-10.15	-111.54	0.336	1	2.802	0	2.802	1	0.336	1	130.75	11.49
264.9	-9.96	-111.56	0.420	1	2.882	0	2.882	1	0.420	1	130.75	11.49
265.0	-9.76	-111.57	0.512	1	2.968	0	2.968	1	0.512	1	130.75	10.44
265.1	-9.57	-111.59	0.611	1	3.062	0	3.062	1	0.611	1	130.75	10.44
265.2	-9.37	-111.61	0.718	1	3.162	0	3.162	1	0.718	1	130.75	10.44
265.3	-9.18	-111.62	0.830	1	3.269	0	3.269	1	0.830	1	130.75	10.44
265.4	-8.98	-111.64	0.789	1	3.381	0	3.381	1	0.789	1	130.75	10.44
265.5	-8.79	-111.65	0.678	1	3.498	0	3.498	1	0.678	1	130.75	10.44
265.6	-8.59	-111.67	0.574	1	3.621	0	3.621	1	0.574	1	130.75	10.44
265.7	-8.40	-111.68	0.476	1	3.747	0	3.747	1	0.476	1	130.75	10.44
265.8	-8.20	-111.70	0.387	1	3.858	0	3.858	1	0.387	1	130.75	10.44
265.9	-8.01	-111.71	0.305	1	3.943	0	3.943	1	0.305	1	130.75	10.44
266.0	-7.81	-111.73	0.232	1	4.034	0	4.034	1	0.232	1	130.25	9.36
266.1	-7.62	-111.74	0.168	1	4.131	0	4.131	1	0.168	1	130.25	9.36
266.2	-7.42	-111.75	0.113	1	4.232	0	4.232	1	0.113	1	130.25	9.36
266.3	-7.23	-111.77	0.069	1	4.339	0	4.339	1	0.069	1	130.25	9.36
266.4	-7.03	-111.78	0.034	1	4.450	0	4.450	1	0.034	1	130.25	9.36
266.5	-6.84	-111.79	0.011	1	4.565	0	4.565	1	0.011	1	130.25	9.36
266.6	-6.64	-111.80	-0.002	1	4.684	0	4.684	1	-0.002	1	130.25	9.36
266.7	-6.45	-111.81	-0.004	1	4.807	0	4.807	1	-0.004	1	130.25	9.36
266.8	-6.25	-111.83	0.005	1	4.934	0	4.934	1	0.005	1	130.25	9.36
266.9	-6.06	-111.84	0.025	1	5.064	0	5.064	1	0.025	1	130.25	9.36
267.0	-5.86	-111.85	0.056	1	5.197	0	5.197	1	0.056	1	131.75	9.14
267.1	-5.67	-111.86	0.097	1	5.333	0	5.333	1	0.097	1	131.75	9.14
267.2	-5.47	-111.87	0.148	1	5.472	0	5.472	1	0.148	1	131.75	9.14
267.3	-5.28	-111.88	0.209	1	5.614	0	5.614	1	0.209	1	131.75	9.14
267.4	-5.08	-111.88	0.279	1	5.758	0	5.758	1	0.279	1	131.75	9.14
267.5	-4.89	-111.89	0.358	1	5.904	0	5.904	1	0.358	1	131.75	9.14
267.6	-4.69	-111.90	0.445	1	6.052	0	6.052	1	0.445	1	131.75	9.14
267.7	-4.49	-111.91	0.539	1	6.203	0	6.203	1	0.539	1	131.75	9.14
267.8	-4.30	-111.92	0.641	1	6.355	0	6.355	1	0.641	1	131.75	9.14
267.9	-4.10	-111.92	0.750	1	6.509	0	6.509	1	0.750	1	131.75	9.14
268.0	-3.91	-111.93	0.864	1	6.665	0	6.665	1	0.864	1	132.00	9.42
268.1	-3.71	-111.94	0.750	1	6.822	0	6.822	1	0.750	1	132.00	9.42
268.2	-3.52	-111.94	0.641	1	6.981	0	6.981	1	0.641	1	132.00	9.42
268.3	-3.32	-111.95	0.540	1	7.141	0	7.141	1	0.540	1	132.00	9.42
268.4	-3.13	-111.96	0.445	1	7.302	0	7.302	1	0.445	1	132.00	9.42
268.5	-2.93	-111.96	0.358	1	7.465	0	7.465	1	0.358	1	132.00	9.42
268.6	-2.74	-111.97	0.280	1	7.629	0	7.629	1	0.280	1	132.00	9.42
268.7	-2.54	-111.97	0.210	1	7.793	0	7.793	1	0.210	1	132.00	9.42
268.8	-2.35	-111.98	0.149	1	7.959	0	7.959	1	0.149	1	132.00	9.42
268.9	-2.15	-111.98	0.098	1	8.126	0	8.126	1	0.098	1	132.00	9.42
269.0	-1.95	-111.98	0.057	1	8.294	0	8.294	1	0.057	1	131.00	10.25
269.1	-1.76	-111.99	0.027	1	8.463	0	8.463	1	0.027	1	131.00	10.25
269.2	-1.56	-111.99	0.007	1	8.632	0	8.632	1	0.007	1	131.00	10.25
269.3	-1.37	-111.99	-0.002	1	8.803	0	8.803	1	-0.002	1	131.00	10.25
269.4	-1.17	-111.99	0.001	1	8.974	0	8.974	1	0.001	1	131.00	10.25
269.5	-0.98	-112.00	0.014	1	9.146	0	9.146	1	0.014	1	131.00	10.25
269.6	-0.78	-112.00	0.037	1	9.318	0	9.318	1	0.037	1	131.00	10.25
269.7	-0.59	-112.00	0.072	1	9.491	0	9.491	1	0.072	1	131.00	10.25
269.8	-0.39	-112.00	0.117	1	9.665	0	9.665	1	0.117	1	131.00	10.25
269.9	-0.20	-112.00	0.171	1	9.839	0	9.839	1	0.171	1	131.00	10.25
270.0	-0.00	-112.00	0.235	1	10.014	0	10.014	1	0.235	1	131.25	11.51
270.1	0.20	-112.00	0.309	1	10.190	0	10.190	1	0.309	1	131.25	11.51
270.2	0.39	-112.00	0.390	1	10.366	0	10.366	1	0.390	1	131.25	11.51
270.3	0.59	-112.00	0.480	1	10.542	0	10.542	1	0.480	1	131.25	11.51
270.4	0.78	-112.00	0.578	1	10.719	0	10.719	1	0.578	1	131.25	11.51
270.5	0.98	-112.00	0.682	1	10.896	0	10.896	1	0.682	1	131.25	11.51
270.6	1.17	-111.99	0.793	1	11.074	0	11.074	1	0.793	1	131.25	11.51
270.7	1.37	-111.99	0.828	1	11.252	0	11.252	1	0.828	1	131.25	11.51
270.8	1.56	-111.99	0.715	1	11.431	0	11.431	1	0.715	1	131.25	11.51
270.9	1.76	-111.99	0.609	1	11.609	0	11.609	1	0.609	1	131.25	11.51
271.0	1.95	-111.98	0.510	1	11.789	0	11.789	1	0.510	1	131.50	12.66
271.1	2.15	-111.98	0.418	1	11.968	0	11.968	1	0.418	1	131.50	12.66
271.2	2.35	-111.98	0.333	1	12.148	0	12.148	1	0.333	1	131.50	12.66
271.3	2.54	-111.97	0.258	1	12.328	0	12.328	1	0.258	1	131.50	12.66
271.4	2.74	-111.97	0.191	1	12.509	0	12.509	1	0.191	1	131.50	12.66
271.5	2.93	-111.96	0.134	1	12.689	0	12.689	1	0.134	1	131.50	12.66
271.6	3.13	-111.96	0.086	1	12.870	0	12.870	1	0.086	1	131.50	12.66
271.7	3.32	-111.95	0.049	1	13.052	0	13.052	1	0.049	1	131.50	12.66
271.8	3.52	-111.94	0.022	1	13.233	0	13.233	1	0.022	1	131.50	12.66
271.9	3.71	-111.94	0.006	1	13.415	0	13.415	1	0.006	1	131.50	12.66
272.0	3.91	-111.93	0.000	1	13.597	0	13.597	1	0.000	1	131.75	13.60
272.1	4.10	-111.92	0.006	1	13.779	0	13.779	1	0.006	1	131.75	13.60
272.2	4.30	-111.92	0.023	1	13.961	0	13.961	1	0.023	1	131.75	13.60
272.3	4.49	-111.91	0.050	1	14.144	0	14.144	1	0.050	1	131.75	13.60
272.4	4.69	-111.90	0.088	1	14.327	0	14.327	1	0.088	1	131.75	13.60
272.5	4.89	-111.89	0.136	1	14.510	0	14.510	1	0.136	1	131.75	13.60
272.6	5.08	-111.88	0.194	1	14.693	0	14.693	1	0.194	1	131.75	13.60
272.7	5.28	-111.88	0.261	1	14.876	0	14.876	1	0.261	1	131.75	13.60
272.8	5.47	-111.87	0.337	1	15.060	0	15.060	1	0.337	1	131.75	13.60
272.9	5.67	-111.86	0.421	1	15.244	0	15.244	1	0.421	1	131.75	13.60
273.0	5.86	-111.85	0.514	1	15.427	0	15.427	1	0.514	1	132.00	14.08
273.1	6.06	-111.84	0.613	1	15.611	0	15.611	1	0.613	1	132.00	14.08
273.2	6.25	-111.83	0.720	1	15.795	0	15.795	1	0.720	1	132.00	14.08
273.3	6.45	-111.81	0.833	1	15.980	0	15.980	1	0.833	1	132.00	14.08
273.4	6.64	-111.80	0.797	1	16.164	0	16.164	1	0.797	1	132.00	14.08
273.5	6.84	-111.79	0.687	1	16.349	0	16.349	1	0.687	1	132.00	14.08
273.6	7.03	-111.78	0.582	1	16.533	0	16.533	1	0.582	1	132.00	14.08
273.7	7.23	-111.77	0.485	1	16.718	0	16.718	1	0.485	1	132.00	14.08
273.8	7.42	-111.75	0.396	1	16.903	0	16.903	1	0.396	1	132.00	14.08
273.9	7.62	-111.74	0.314	1	17.088	0	17.088	1	0.314	1	132.00	14.08
274.0	7.81	-111.73	0.241	1	17.273	0	17.273	1	0.241	1	132.25	14.39
274.1	8.01	-111.71	0.177	1	17.458	0	17.458	1	0.177	1	132.25	14.39
274.2	8.20	-111.70	0.122	1	17.644	0	17.644	1	0.122	1	132.25	14.39
274.3	8.40	-111.68	0.077	1	17.829	0	17.829	1	0.077	1	132.25	14.39
274.4	8.59	-111.67	0.043	1	18.015	0	18.015	1	0.043	1	132.25	14.39
274.5	8.79	-111.65	0.019	1	18.200	0	18.200	1	0.019	1	132.25	14.39
274.6	8.98	-111.64	0.006	1	18.386	0	18.386	1	0.006	1	132.25	14.39
274.7	9.18	-111.62	0.004	1	18.572	0	18.572	1	0.004	1	132.25	14.39
274.8	9.37	-111.61	0.013	1	18.757	0	18.757	1	0.013	1	132.25	14.39
274.9	9.57	-111.59	0.033	1	18.919	0	18.919	1	0.033	1	132.25	14.39
275.0	9.76	-111.57	0.063	1	18.964	0	18.964	1	0.063	1	132.75	14.94
275.1	9.96	-111.56	0.104	1	19.011	0	19.011	1	0.104	1	132.75	14.94
275.2	10.15	-111.54	0.155	1	19.059	0	19.059	1	0.155	1	132.75	14.94
275.3	10.35	-111.52	0.215	1	19.108	0	19.108	1	0.215	1	132.75	14.94
275.4	10.54	-111.50	0.285	1	19.160	0	19.160	1	0.285	1	132.75	14.94
275.5	10.73	-111.48	0.364	1	19.212	0	19.212	1	0.364	1	132.75	14.94
275.6	10.93	-111.47	0.450	1	19.266	0	19.266	1	0.450	1	132.75	14.94
275.7	11.12	-111.45	0.545	1	19.322	0	19.322	1	0.545	1	132.75	14.94
275.8	11.32	-111.43	0.646	1	19.379	0	19.379	1	0.646	1	132.75	14.94
275.9	11.51	-111.41	0.755	1	19.437	0	19.437	1	0.755	1	132.75	14.94
276.0	11.71	-111.39	0.869	1	19.497	0	19.497	1	0.869	1	133.25	15.49
276.1	11.90	-111.37	0.754	1	19.558	0	19.558	1	0.754	1	133.25	15.49
276.2	12.10	-111.34	0.645	1	19.621	0	19.621	1	0.645	1	133.25	15.49
276.3	12.29	-111.32	0.543	1	19.685	0	19.685	1	0.543	1	133.25	15.49
276.4	12.48	-111.30	0.448	1	19.750	0	19.750	1	0.448	1	133.25	15.49
276.5	12.68	-111.28	0.361	1	19.817	0	19.817	1	0.361	1	133.25	15.49
276.6	12.87	-111.26	0.282	1	19.885	0	19.885	1	0.282	1	133.25	15.49
276.7	13.07	-111.24	0.211	1	19.954	0	19.954	1	0.211	1	133.25	15.49
276.8	13.26	-111.21	0.150	1	20.025	0	20.025	1	0.150	1	133.25	15.49
276.9	13.46	-111.19	0.099	1	20.097	0	20.097	1	0.099	1	133.25	15.49
277.0	13.65	-111.17	0.058	1	20.170	0	19.982	1	0.058	1	133.75	16.02
277.1	13.84	-111.14	0.027	1	20.244	0	19.797	1	0.027	1	133.75	16.02
277.2	14.04	-111.12	0.006	1	20.320	0	19.613	1	0.006	1	133.75	16.02
277.3	14.23	-111.09	-0.003	1	20.397	0	19.429	1	-0.003	1	133.75	16.02
277.4	14.43	-111.07	-0.002	1	20.475	0	19.245	1	-0.002	1	133.75	16.02
277.5	14.62	-111.04	0.011	1	20.555	0	19.060	1	0.011	1	133.75	16.02
277.6	14.81	-111.02	0.034	1	20.635	0	18.877	1	0.034	1	133.75	16.02
277.7	15.01	-110.99	0.068	1	20.717	0	18.693	1	0.068	1	133.75	16.02
277.8	15.20	-110.96	0.112	1	20.800	0	18.509	1	0.112	1	133.75	16.02
277.9	15.39	-110.94	0.167	1	20.884	0	18.325	1	0.167	1	133.75	16.02
278.0	15.59	-110.91	0.230	1	20.969	0	18.142	1	0.230	1	134.50	16.38
278.1	15.78	-110.88	0.303	1	21.055	0	17.959	1	0.303	1	134.50	16.38
278.2	15.97	-110.85	0.385	1	21.143	0	17.775	1	0.385	1	134.50	16.38
278.3	16.17	-110.83	0.474	1	21.231	0	17.592	1	0.474	1	134.50	16.38
278.4	16.36	-110.80	0.571	1	21.321	0	17.409	1	0.571	1	134.50	16.38
278.5	16.55	-110.77	0.675	1	21.412	0	17.227	1	0.675	1	134.50	16.38
278.6	16.75	-110.74	0.786	1	21.503	0	17.044	1	0.786	1	134.50	16.38
278.7	16.94	-110.71	0.825	1	21.596	0	16.861	1	0.825	1	134.50	16.38
278.8	17.13	-110.68	0.712	1	21.690	0	16.679	1	0.712	1	134.50	16.38
278.9	17.33	-110.65	0.606	1	21.785	0	16.497	1	0.606	1	134.50	16.38
279.0	17.52	-110.62	0.506	1	21.881	0	16.315	1	0.506	1	134.75	15.50
279.1	17.71	-110.59	0.414	1	21.978	0	16.133	1	0.414	1	134.75	15.50
279.2	17.91	-110.56	0.330	1	22.075	0	15.952	1	0.330	1	134.75	15.50
279.3	18.10	-110.53	0.254	1	22.174	0	15.770	1	0.254	1	134.75	15.50
279.4	18.29	-110.50	0.187	1	22.274	0	15.589	1	0.187	1	134.75	15.50
279.5	18.49	-110.46	0.129	1	22.374	0	15.408	1	0.129	1	134.75	15.50
279.6	18.68	-110.43	0.082	1	22.476	0	15.227	1	0.082	1	134.75	15.50
279.7	18.87	-110.40	0.044	1	22.579	0	15.047	1	0.044	1	134.75	15.50
279.8	19.06	-110.37	0.017	1	22.682	0	14.866	1	0.017	1	134.75	15.50
279.9	19.26	-110.33	0.001	1	22.786	0	14.686	1	0.001	1	134.75	15.50
280.0	19.45	-110.30	-0.004	1	22.892	0	14.507	1	-0.004	1	135.25	13.57
280.1	19.64	-110.26	0.001	1	22.971	0	14.327	1	0.001	1	135.25	13.57
280.2	19.83	-110.23	0.018	1	23.001	0	14.148	1	0.018	1	135.25	13.57
280.3	20.03	-110.20	0.045	1	23.033	0	13.969	1	0.045	1	135.25	13.57
280.4	20.22	-110.16	0.083	1	23.066	0	13.790	1	0.083	1	135.25	13.57
280.5	20.41	-110.12	0.131	1	23.099	0	13.612	1	0.131	1	135.25	13.57
280.6	20.60	-110.09	0.189	1	23.134	0	13.433	1	0.189	1	135.25	13.57
280.7	20.79	-110.05	0.256	1	23.171	0	13.256	1	0.256	1	135.25	13.57
280.8	20.99	-110.02	0.332	1	23.208	0	13.078	1	0.332	1	135.25	13.57
280.9	21.18	-109.98	0.417	1	23.247	0	12.901	1	0.417	1	135.25	13.57
281.0	21.37	-109.94	0.509	1	23.286	0	12.725	1	0.509	1	135.75	11.90
281.1	21.56	-109.90	0.609	1	23.327	0	12.548	1	0.609	1	135.75	11.90
281.2	21.75	-109.87	0.715	1	23.370	0	12.372	1	0.715	1	135.75	11.90
281.3	21.95	-109.83	0.828	1	23.413	0	12.197	1	0.828	1	135.75	11.90
281.4	22.14	-109.79	0.795	1	23.457	0	12.022	1	0.795	1	135.75	11.90
281.5	22.33	-109.75	0.685	1	23.503	0	11.847	1	0.685	1	135.75	11.90
281.6	22.52	-109.71	0.580	1	23.550	0	11.673	1	0.580	1	135.75	11.90
281.7	22.71	-109.67	0.483	1	23.598	0	11.500	1	0.483	1	135.75	11.90
281.8	22.90	-109.63	0.394	1	23.647	0	11.327	1	0.394	1	135.75	11.90
281.9	23.09	-109.59	0.312	1	23.697	0	11.154	1	0.312	1	135.75	11.90
282.0	23.29	-109.55	0.239	1	23.748	0	10.982	1	0.239	1	136.00	10.45
282.1	23.48	-109.51	0.175	1	23.800	0	10.811	1	0.175	1	136.00	10.45
282.2	23.67	-109.47	0.121	1	23.854	0	10.640	1	0.121	1	136.00	10.45
282.3	23.86	-109.43	0.077	1	23.909	0	10.470	1	0.077	1	136.00	10.45
282.4	24.05	-109.39	0.042	1	23.964	0	10.301	1	0.042	1	136.00	10.45
282.5	24.24	-109.35	0.019	1	24.021	0	10.132	1	0.019	1	136.00	10.45
282.6	24.43	-109.30	0.006	1	24.079	0	9.965	1	0.006	1	136.00	10.45
282.7	24.62	-109.26	0.004	1	24.138	0	9.798	1	0.004	1	136.00	10.45
282.8	24.81	-109.22	0.013	1	24.198	0	9.631	1	0.013	1	136.00	10.45
282.9	25.00	-109.17	0.033	1	24.259	0	9.466	1	0.033	1	136.00	10.45
283.0	25.19	-109.13	0.064	1	24.321	0	9.302	1	0.064	1	136.25	9.28
283.1	25.38	-109.09	0.105	1	24.384	0	9.138	1	0.105	1	136.25	9.28
283.2	25.58	-109.04	0.156	1	24.448	0	8.976	1	0.156	1	136.25	9.28
283.3	25.77	-109.00	0.217	1	24.513	0	8.815	1	0.217	1	136.25	9.28
283.4	25.96	-108.95	0.287	1	24.579	0	8.655	1	0.287	1	136.25	9.28
283.5	26.15	-108.91	0.365	1	24.646	0	8.496	1	0.365	1	136.25	9.28
283.6	26.34	-108.86	0.452	1	24.714	0	8.338	1	0.452	1	136.25	9.28
283.7	26.53	-108.81	0.547	1	24.783	0	8.182	1	0.547	1	136.25	9.28
283.8	26.72	-108.77	0.648	1	24.853	0	8.027	1	0.648	1	136.25	9.28
283.9	26.91	-108.72	0.757	1	24.924	0	7.874	1	0.757	1	136.25	9.28
284.0	27.10	-108.67	0.872	1	24.996	0	7.722	1	0.872	1	136.25	8.86
284.1	27.28	-108.63	0.758	1	25.069	0	7.572	1	0.758	1	136.25	8.86
284.2	27.47	-108.58	0.650	1	25.143	0	7.423	1	0.650	1	136.25	8.86
284.3	27.66	-108.53	0.548	1	25.218	0	7.277	1	0.548	1	136.25	8.86
284.4	27.85	-108.48	0.454	1	25.294	0	7.132	1	0.454	1	136.25	8.86
284.5	28.04	-108.43	0.367	1	25.371	0	6.990	1	0.367	1	136.25	8.86
284.6	28.23	-108.38	0.288	1	25.448	0	6.850	1	0.288	1	136.25	8.86
284.7	28.42	-108.33	0.218	1	25.527	0	6.712	1	0.218	1	136.25	8.86
284.8	28.61	-108.28	0.158	1	25.606	0	6.577	1	0.158	1	136.25	8.86
284.9	28.80	-108.23	0.106	1	25.686	0	6.444	1	0.106	1	136.25	8.86
285.0	28.99	-108.18	0.065	1	25.768	0	6.314	1	0.065	1	136.50	9.47
285.1	29.18	-108.13	0.035	1	25.850	0	6.187	1	0.035	1	136.50	9.47
285.2	29.37	-108.08	0.015	1	25.933	0	6.063	1	0.015	1	136.50	9.47
285.3	29.55	-108.03	0.006	1	26.016	0	5.943	1	0.006	1	136.50	9.47
285.4	29.74	-107.98	0.008	1	26.101	0	5.826	1	0.008	1	136.50	9.47
285.5	29.93	-107.93	0.020	1	26.186	0	5.713	1	0.020	1	136.50	9.47
285.6	30.12	-107.87	0.044	1	26.273	0	5.603	1	0.044	1	136.50	9.47
285.7	30.31	-107.82	0.078	1	26.360	0	5.498	1	0.078	1	136.50	9.47
285.8	30.50	-107.77	0.122	1	26.448	0	5.397	1	0.122	1	136.50	9.47
285.9	30.68	-107.72	0.177	1	26.536	0	5.301	1	0.177	1	136.50	9.47
286.0	30.87	-107.66	0.241	1	26.626	0	5.209	1	0.241	1	136.50	10.67
286.1	31.06	-107.61	0.313	1	26.716	0	5.123	1	0.313	1	136.50	10.67
286.2	31.25	-107.55	0.395	1	26.807	0	5.042	1	0.395	1	136.50	10.67
286.3	31.43	-107.50	0.484	1	26.899	0	4.966	1	0.484	1	136.50	10.67
286.4	31.62	-107.44	0.581	1	26.992	0	4.897	1	0.581	1	136.50	10.67
286.5	31.81	-107.39	0.685	1	27.085	0	4.833	1	0.685	1	136.50	10.67
286.6	32.00	-107.33	0.796	1	27.179	0	4.775	1	0.796	1	136.50	10.67
286.7	32.18	-107.28	0.827	1	27.274	0	4.724	1	0.827	1	136.50	10.67
286.8	32.37	-107.22	0.714	1	27.370	0	4.680	1	0.714	1	136.50	10.67
286.9	32.56	-107.16	0.608	1	27.466	0	4.642	1	0.608	1	136.50	10.67
287.0	32.75	-107.11	0.508	1	27.563	0	4.611	1	0.508	1	136.25	12.28
287.1	32.93	-107.05	0.416	1	27.661	0	4.588	1	0.416	1	136.25	12.28
287.2	33.12	-106.99	0.332	1	27.759	0	4.571	1	0.332	1	136.25	12.28
287.3	33.31	-106.93	0.256	1	27.859	0	4.562	1	0.256	1	136.25	12.28
287.4	33.49	-106.87	0.189	1	27.958	0	4.560	1	0.189	1	136.25	12.28
287.5	33.68	-106.82	0.131	1	28.059	0	4.565	1	0.131	1	136.25	12.28
287.6	33.87	-106.76	0.084	1	28.160	0	4.571	1	0.084	1	136.25	12.28
287.7	34.05	-106.70	0.046	1	28.262	0	4.563	1	0.046	1	136.25	12.28
287.8	34.24	-106.64	0.019	1	28.365	0	4.562	1	0.019	1	136.25	12.28
287.9	34.42	-106.58	0.003	1	28.468	0	4.569	1	0.003	1	136.25	12.28
288.0	34.61	-106.52	-0.003	1	28.572	0	4.568	1	-0.003	1	136.00	14.23
288.1	34.80	-106.46	0.003	1	28.676	0	4.560	1	0.003	1	136.00	14.23
288.2	34.98	-106.40	0.019	1	28.781	0	4.561	1	0.019	1	136.00	14.23
288.3	35.17	-106.34	0.046	1	28.887	0	4.568	1	0.046	1	136.00	14.23
288.4	35.35	-106.27	0.084	1	28.993	0	4.583	1	0.084	1	136.00	14.23
288.5	35.54	-106.21	0.132	1	29.100	0	4.605	1	0.132	1	136.00	14.23
288.6	35.72	-106.15	0.190	1	29.208	0	4.634	1	0.190	1	136.00	14.23
288.7	35.91	-106.09	0.257	1	29.316	0	4.670	1	0.257	1	136.00	14.23
288.8	36.09	-106.02	0.333	1	29.425	0	4.713	1	0.333	1	136.00	14.23
288.9	36.28	-105.96	0.417	1	29.534	0	4.762	1	0.417	1	136.00	14.23
289.0	36.46	-105.90	0.510	1	29.644	0	4.818	1	0.510	1	135.75	16.12
289.1	36.65	-105.83	0.609	1	29.754	0	4.881	1	0.609	1	135.75	16.12
289.2	36.83	-105.77	0.716	1	29.865	0	4.949	1	0.716	1	135.75	16.12
289.3	37.02	-105.71	0.829	1	29.977	0	5.023	1	0.829	1	135.75	16.12
289.4	37.20	-105.64	0.792	1	30.089	0	5.103	1	0.792	1	135.75	16.12
289.5	37.39	-105.58	0.681	1	30.202	0	5.188	1	0.681	1	135.75	16.12
289.6	37.57	-105.51	0.577	1	30.315	0	5.279	1	0.577	1	135.75	16.12
289.7	37.75	-105.44	0.480	1	30.429	0	5.374	1	0.480	1	135.75	16.12
289.8	37.94	-105.38	0.390	1	30.543	0	5.474	1	0.390	1	135.75	16.12
289.9	38.12	-105.31	0.309	1	30.658	0	5.578	1	0.309	1	135.75	16.12
290.0	38.31	-105.25	0.236	1	30.773	0	5.686	1	0.236	1	135.00	15.90
290.1	38.49	-105.18	0.172	1	30.889	0	5.799	1	0.172	1	135.00	15.90
290.2	38.67	-105.11	0.117	1	31.005	0	5.915	1	0.117	1	135.00	15.90
290.3	38.86	-105.04	0.073	1	31.122	0	6.034	1	0.073	1	135.00	15.90
290.4	39.04	-104.98	0.038	1	31.240	0	6.157	1	0.038	1	135.00	15.90
290.5	39.22	-104.91	0.015	1	31.357	0	6.284	1	0.015	1	135.00	15.90
290.6	39.41	-104.84	0.002	1	31.476	0	6.413	1	0.002	1	135.00	15.90
290.7	39.59	-104.77	-0.000	1	31.594	0	6.545	1	-0.000	1	135.00	15.90
290.8	39.77	-104.70	0.009	1	31.714	0	6.680	1	0.009	1	135.00	15.90
290.9	39.95	-104.63	0.029	1	31.833	0	6.817	1	0.029	1	135.00	15.90
291.0	40.14	-104.56	0.060	1	31.954	0	6.957	1	0.060	1	134.00	15.45
291.1	40.32	-104.49	0.101	1	32.074	0	7.098	1	0.101	1	134.00	15.45
291.2	40.50	-104.42	0.152	1	32.195	0	7.242	1	0.152	1	134.00	15.45
291.3	40.68	-104.35	0.212	1	32.317	0	7.388	1	0.212	1	134.00	15.45
291.4	40.87	-104.28	0.282	1	32.439	0	7.536	1	0.282	1	134.00	15.45
291.5	41.05	-104.21	0.361	1	32.561	0	7.686	1	0.361	1	134.00	15.45
291.6	41.23	-104.13	0.448	1	32.684	0	7.837	1	0.448	1	134.00	15.45
291.7	41.41	-104.06	0.543	1	32.807	0	7.990	1	0.543	1	134.00	15.45
291.8	41.59	-103.99	0.644	1	32.931	0	8.145	1	0.644	1	134.00	15.45
291.9	41.77	-103.92	0.753	1	33.054	0	8.301	1	0.753	1	134.00	15.45
292.0	41.96	-103.84	0.868	1	33.178	0	8.458	1	0.868	1	133.75	14.36
292.1	42.14	-103.77	0.759	1	33.302	0	8.617	1	0.759	1	133.75	14.36
292.2	42.32	-103.70	0.651	1	33.426	0	8.777	1	0.651	1	133.75	14.36
292.3	42.50	-103.62	0.549	1	33.551	0	8.938	1	0.549	1	133.75	14.36
292.4	42.68	-103.55	0.454	1	33.676	0	9.100	1	0.454	1	133.75	14.36
292.5	42.86	-103.47	0.367	1	33.802	0	9.263	1	0.367	1	133.75	14.36
292.6	43.04	-103.40	0.289	1	33.928	0	9.427	1	0.289	1	133.75	14.36
292.7	43.22	-103.32	0.219	1	34.054	0	9.592	1	0.219	1	133.75	14.36
292.8	43.40	-103.25	0.158	1	34.181	0	9.758	1	0.158	1	133.75	14.36
292.9	43.58	-103.17	0.107	1	34.308	0	9.925	1	0.107	1	133.75	14.36
293.0	43.76	-103.10	0.066	1	34.436	0	10.093	1	0.066	1	133.75	13.53
293.1	43.94	-103.02	0.035	1	34.564	0	10.261	1	0.035	1	133.75	13.53
293.2	44.12	-102.94	0.015	1	34.692	0	10.430	1	0.015	1	133.75	13.53
293.3	44.30	-102.87	0.006	1	34.821	0	10.600	1	0.006	1	133.75	13.53
293.4	44.48	-102.79	0.008	1	34.950	0	10.771	1	0.008	1	133.75	13.53
293.5	44.66	-102.71	0.020	1	35.079	0	10.942	1	0.020	1	133.75	13.53
293.6	44.84	-102.63	0.044	1	35.209	0	11.113	1	0.044	1	133.75	13.53
293.7	45.02	-102.55	0.078	1	35.339	0	11.286	1	0.078	1	133.75	13.53
293.8	45.20	-102.48	0.122	1	35.470	0	11.459	1	0.122	1	133.75	13.53
293.9	45.38	-102.40	0.176	1	35.600	0	11.632	1	0.176	1	133.75	13.53
294.0	45.55	-102.32	0.240	1	35.732	0	11.806	1	0.240	1	133.25	13.88
294.1	45.73	-102.24	0.313	1	35.863	0	11.981	1	0.313	1	133.25	13.88
294.2	45.91	-102.16	0.394	1	35.995	0	12.155	1	0.394	1	133.25	13.88
294.3	46.09	-102.08	0.484	1	36.126	0	12.331	1	0.484	1	133.25	13.88
294.4	46.27	-102.00	0.581	1	36.255	0	12.507	1	0.581	1	133.25	13.88
294.5	46.45	-101.92	0.685	1	36.385	0	12.683	1	0.685	1	133.25	13.88
294.6	46.62	-101.83	0.795	1	36.515	0	12.859	1	0.795	1	133.25	13.88
294.7	46.80	-101.75	0.833	1	36.645	0	13.036	1	0.833	1	133.25	13.88
294.8	46.98	-101.67	0.721	1	36.776	0	13.214	1	0.721	1	133.25	13.88
294.9	47.16	-101.59	0.614	1	36.907	0	13.391	1	0.614	1	133.25	13.88
295.0	47.33	-101.51	0.515	1	37.038	0	13.569	1	0.515	1	133.25	13.32
295.1	47.51	-101.42	0.422	1	37.169	0	13.748	1	0.422	1	133.25	13.32
295.2	47.69	-101.34	0.338	1	37.301	0	13.926	1	0.338	1	133.25	13.32
295.3	47.86	-101.26	0.262	1	37.433	0	14.105	1	0.262	1	133.25	13.32
295.4	48.04	-101.17	0.195	1	37.566	0	14.284	1	0.195	1	133.25	13.32
295.5	48.22	-101.09	0.137	1	37.699	0	14.464	1	0.137	1	133.25	13.32
295.6	48.39	-101.01	0.089	1	37.832	0	14.644	1	0.089	1	133.25	13.32
295.7	48.57	-100.92	0.051	1	37.965	0	14.824	1	0.051	1	133.25	13.32
295.8	48.75	-100.84	0.024	1	38.098	0	15.004	1	0.024	1	133.25	13.32
295.9	48.92	-100.75	0.007	1	38.232	0	15.184	1	0.007	1	133.25	13.32
296.0	49.10	-100.66	0.001	1	38.366	0	15.365	1	0.001	1	133.25	12.49
296.1	49.27	-100.58	0.007	1	38.501	0	15.546	1	0.007	1	133.25	12.49
296.2	49.45	-100.49	0.023	1	38.635	0	15.727	1	0.023	1	133.25	12.49
296.3	49.62	-100.41	0.050	1	38.770	0	15.909	1	0.050	1	133.25	12.49
296.4	49.80	-100.32	0.087	1	38.905	0	16.090	1	0.087	1	133.25	12.49
296.5	49.97	-100.23	0.135	1	39.041	0	16.272	1	0.135	1	133.25	12.49
296.6	50.15	-100.15	0.192	1	39.176	0	16.454	1	0.192	1	133.25	12.49
296.7	50.32	-100.06	0.259	1	39.312	0	16.636	1	0.259	1	133.25	12.49
296.8	50.50	-99.97	0.335	1	39.449	0	16.818	1	0.335	1	133.25	12.49
296.9	50.67	-99.88	0.419	1	39.585	0	17.001	1	0.419	1	133.25	12.49
297.0	50.85	-99.79	0.511	1	39.722	0	17.183	1	0.511	1	133.25	11.64
297.1	51.02	-99.70	0.610	1	39.858	0	17.366	1	0.610	1	133.25	11.64
297.2	51.19	-99.61	0.716	1	39.996	0	17.549	1	0.716	1	133.25	11.64
297.3	51.37	-99.53	0.829	1	40.133	0	17.683	1	0.829	1	133.25	11.64
297.4	51.54	-99.44	0.787	1	40.271	0	17.731	1	0.787	1	133.25	11.64
297.5	51.72	-99.35	0.677	1	40.408	0	17.781	1	0.677	1	133.25	11.64
297.6	51.89	-99.25	0.573	1	40.546	0	17.832	1	0.573	1	133.25	11.64
297.7	52.06	-99.16	0.476	1	40.685	0	17.885	1	0.476	1	133.25	11.64
297.8	52.24	-99.07	0.386	1	40.823	0	17.940	1	0.386	1	133.25	11.64
297.9	52.41	-98.98	0.305	1	40.962	0	17.996	1	0.305	1	133.25	11.64
298.0	52.58	-98.89	0.232	1	41.101	0	18.053	1	0.232	1	137.25	11.47
298.1	52.75	-98.80	0.168	1	41.240	0	18.112	1	0.168	1	137.25	11.47
298.2	52.93	-98.71	0.114	1	41.379	0	18.173	1	0.114	1	137.25	11.47
298.3	53.10	-98.61	0.070	1	41.519	0	18.235	1	0.070	1	137.25	11.47
298.4	53.27	-98.52	0.036	1	41.658	0	18.299	1	0.036	1	137.25	11.47
298.5	53.44	-98.43	0.012	1	41.798	0	18.364	1	0.012	1	137.25	11.47
298.6	53.61	-98.33	-0.000	1	41.938	0	18.431	1	-0.000	1	137.25	11.47
298.7	53.79	-98.24	-0.002	1	42.079	0	18.499	1	-0.002	1	137.25	11.47
298.8	53.96	-98.15	0.007	1	42.219	0	18.568	1	0.007	1	137.25	11.47
298.9	54.13	-98.05	0.028	1	42.360	0	18.639	1	0.028	1	137.25	11.47
299.0	54.30	-97.96	0.058	1	42.501	0	18.712	1	0.058	1	137.25	12.00
299.1	54.47	-97.86	0.100	1	42.642	0	18.785	1	0.100	1	137.25	12.00
299.2	54.64	-97.77	0.151	1	42.783	0	18.860	1	0.151	1	137.25	12.00
299.3	54.81	-97.67	0.212	1	42.925	0	18.937	1	0.212	1	137.25	12.00
299.4	54.98	-97.58	0.282	1	43.066	0	19.015	1	0.282	1	137.25	12.00
299.5	55.15	-97.48	0.361	1	43.208	0	19.094	1	0.361	1	137.25	12.00
299.6	55.32	-97.38	0.449	1	43.350	0	19.174	1	0.449	1	137.25	12.00
299.7	55.49	-97.29	0.543	1	43.492	0	19.256	1	0.543	1	137.25	12.00
299.8	55.66	-97.19	0.646	1	43.635	0	19.339	1	0.646	1	137.25	12.00
299.9	55.83	-97.09	0.754	1	43.777	0	19.423	1	0.754	1	137.25	12.00
300.0	56.00	-96.99	0.865	1	43.920	0	19.508	1	0.865	1	135.50	12.72
300.1	56.17	-96.90	0.750	1	44.063	0	19.595	1	0.750	1	135.50	12.72
300.2	56.34	-96.80	0.642	1	44.206	0	19.676	1	0.642	1	135.50	12.72
300.3	56.51	-96.70	0.540	1	44.349	0	19.606	1	0.540	1	135.50	12.72
300.4	56.68	-96.60	0.446	1	44.492	0	19.537	1	0.446	1	135.50	12.72
300.5	56.84	-96.50	0.359	1	44.636	0	19.470	1	0.359	1	135.50	12.72
300.6	57.01	-96.40	0.280	1	44.779	0	19.404	1	0.280	1	135.50	12.72
300.7	57.18	-96.30	0.210	1	44.923	0	19.339	1	0.210	1	135.50	12.72
300.8	57.35	-96.20	0.149	1	45.067	0	19.276	1	0.149	1	135.50	12.72
300.9	57.52	-96.10	0.098	1	45.211	0	19.214	1	0.098	1	135.50	12.72
301.0	57.68	-96.00	0.057	1	45.356	0	19.153	1	0.057	1	133.50	12.57
301.1	57.85	-95.90	0.027	1	45.500	0	19.093	1	0.027	1	133.50	12.57
301.2	58.02	-95.80	0.007	1	45.645	0	19.035	1	0.007	1	133.50	12.57
301.3	58.19	-95.70	-0.002	1	45.789	0	18.978	1	-0.002	1	133.50	12.57
301.4	58.35	-95.60	0.000	1	45.934	0	18.923	1	0.000	1	133.50	12.57
301.5	58.52	-95.50	0.013	1	46.079	0	18.869	1	0.013	1	133.50	12.57
301.6	58.69	-95.39	0.037	1	46.224	0	18.816	1	0.037	1	133.50	12.57
301.7	58.85	-95.29	0.071	1	46.369	0	18.765	1	0.071	1	133.50	12.57
301.8	59.02	-95.19	0.116	1	46.515	0	18.715	1	0.116	1	133.50	12.57
301.9	59.19	-95.08	0.170	1	46.660	0	18.666	1	0.170	1	133.50	12.57
302.0	59.35	-94.98	0.234	1	46.806	0	18.619	1	0.234	1	133.50	12.25
302.1	59.52	-94.88	0.308	1	46.952	0	18.574	1	0.308	1	133.50	12.25
302.2	59.68	-94.77	0.389	1	47.098	0	18.529	1	0.389	1	133.50	12.25
302.3	59.85	-94.67	0.479	1	47.244	0	18.487	1	0.479	1	133.50	12.25
302.4	60.01	-94.56	0.576	1	47.390	0	18.445	1	0.576	1	133.50	12.25
302.5	60.18	-94.46	0.681	1	47.536	0	18.405	1	0.681	1	133.50	12.25
302.6	60.34	-94.35	0.791	1	47.682	0	18.367	1	0.791	1	133.50	12.25
302.7	60.51	-94.25	0.829	1	47.829	0	18.330	1	0.829	1	133.50	12.25
302.8	60.67	-94.14	0.716	1	47.976	0	18.295	1	0.716	1	133.50	12.25
302.9	60.84	-94.04	0.610	1	48.122	0	18.261	1	0.610	1	133.50	12.25
303.0	61.00	-93.93	0.511	1	48.269	0	18.229	1	0.511	1	137.00	12.20
303.1	61.16	-93.82	0.419	1	48.416	0	18.198	1	0.419	1	137.00	12.20
303.2	61.33	-93.72	0.334	1	48.563	0	18.168	1	0.334	1	137.00	12.20
303.3	61.49	-93.61	0.259	1	48.711	0	18.141	1	0.259	1	137.00	12.20
303.4	61.65	-93.50	0.192	1	48.858	0	18.114	1	0.192	1	137.00	12.20
303.5	61.82	-93.40	0.135	1	49.005	0	18.090	1	0.135	1	137.00	12.20
303.6	61.98	-93.29	0.087	1	49.153	0	18.066	1	0.087	1	137.00	12.20
303.7	62.14	-93.18	0.049	1	49.300	0	18.045	1	0.049	1	137.00	12.20
303.8	62.31	-93.07	0.023	1	49.448	0	18.025	1	0.023	1	137.00	12.20
303.9	62.47	-92.96	0.006	1	49.596	0	18.006	1	0.006	1	137.00	12.20
304.0	62.63	-92.85	0.001	1	49.744	0	17.989	1	0.001	1	136.75	12.04
304.1	62.79	-92.74	0.007	1	49.892	0	17.974	1	0.007	1	136.75	12.04
304.2	62.95	-92.63	0.023	1	50.040	0	17.960	1	0.023	1	136.75	12.04
304.3	63.11	-92.52	0.051	1	50.188	0	17.948	1	0.051	1	136.75	12.04
304.4	63.28	-92.41	0.089	1	50.149	0	17.938	1	0.089	1	136.75	12.04
304.5	63.44	-92.30	0.137	1	49.982	0	17.928	1	0.137	1	136.75	12.04
304.6	63.60	-92.19	0.194	1	49.815	0	17.921	1	0.194	1	136.75	12.04
304.7	63.76	-92.08	0.262	1	49.648	0	17.915	1	0.262	1	136.75	12.04
304.8	63.92	-91.97	0.338	1	49.481	0	17.911	1	0.338	1	136.75	12.04
304.9	64.08	-91.86	0.422	1	49.314	0	17.908	1	0.422	1	136.75	12.04
305.0	64.24	-91.75	0.514	1	49.147	0	17.907	1	0.514	1	136.75	11.71
305.1	64.40	-91.63	0.614	1	48.980	0	17.908	1	0.614	1	136.75	11.71
305.2	64.56	-91.52	0.721	1	48.813	0	17.910	1	0.721	1	136.75	11.71
305.3	64.72	-91.41	0.833	1	48.646	0	17.914	1	0.833	1	136.75	11.71
305.4	64.88	-91.29	0.792	1	48.479	0	17.919	1	0.792	1	136.75	11.71
305.5	65.04	-91.18	0.681	1	48.312	0	17.926	1	0.681	1	136.75	11.71
305.6	65.20	-91.07	0.577	1	48.145	0	17.934	1	0.577	1	136.75	11.71
305.7	65.36	-90.95	0.480	1	47.979	0	17.945	1	0.480	1	136.75	11.71
305.8	65.52	-90.84	0.391	1	47.812	0	17.956	1	0.391	1	136.75	11.71
305.9	65.67	-90.72	0.310	1	47.645	0	17.970	1	0.310	1	136.75	11.71
306.0	65.83	-90.61	0.237	1	47.479	0	17.984	1	0.237	1	136.75	11.14
306.1	65.99	-90.49	0.173	1	47.312	0	18.001	1	0.173	1	136.75	11.14
306.2	66.15	-90.38	0.119	1	47.145	0	18.019	1	0.119	1	136.75	11.14
306.3	66.31	-90.26	0.075	1	46.979	0	18.038	1	0.075	1	136.75	11.14
306.4	66.46	-90.15	0.041	1	46.812	0	18.059	1	0.041	1	136.75	11.14
306.5	66.62	-90.03	0.018	1	46.646	0	18.082	1	0.018	1	136.75	11.14
306.6	66.78	-89.92	0.005	1	46.479	0	18.106	1	0.005	1	136.75	11.14
306.7	66.93	-89.80	0.003	1	46.313	0	18.132	1	0.003	1	136.75	11.14
306.8	67.09	-89.68	0.013	1	46.146	0	18.159	1	0.013	1	136.75	11.14
306.9	67.25	-89.56	0.033	1	45.980	0	18.188	1	0.033	1	136.75	11.14
307.0	67.40	-89.45	0.064	1	45.814	0	18.219	1	0.064	1	136.75	11.03
307.1	67.56	-89.33	0.105	1	45.648	0	18.250	1	0.105	1	136.75	11.03
307.2	67.72	-89.21	0.156	1	45.482	0	18.284	1	0.156	1	136.75	11.03
307.3	67.87	-89.09	0.217	1	45.315	0	18.319	1	0.217	1	136.75	11.03
307.4	68.03	-88.97	0.287	1	45.149	0	18.355	1	0.287	1	136.75	11.03
307.5	68.18	-88.86	0.366	1	44.983	0	18.393	1	0.366	1	136.75	11.03
307.6	68.34	-88.74	0.453	1	44.817	0	18.362	1	0.453	1	136.75	11.03
307.7	68.49	-88.62	0.548	1	44.651	0	18.229	1	0.548	1	136.75	11.03
307.8	68.65	-88.50	0.650	1	44.486	0	18.097	1	0.650	1	136.75	11.03
307.9	68.80	-88.38	0.759	1	44.320	0	17.965	1	0.759	1	136.75	11.03
308.0	68.95	-88.26	0.867	1	44.154	0	17.835	1	0.867	1	136.75	10.91
308.1	69.11	-88.14	0.752	1	43.988	0	17.705	1	0.752	1	136.75	10.91
308.2	69.26	-88.02	0.644	1	43.823	0	17.576	1	0.644	1	136.75	10.91
308.3	69.42	-87.89	0.542	1	43.657	0	17.448	1	0.542	1	136.75	10.91
308.4	69.57	-87.77	0.447	1	43.492	0	17.321	1	0.447	1	136.75	10.91
308.5	69.72	-87.65	0.360	1	43.326	0	17.195	1	0.360	1	136.75	10.91
308.6	69.87	-87.53	0.281	1	43.161	0	17.070	1	0.281	1	136.75	10.91
308.7	70.03	-87.41	0.211	1	42.996	0	16.946	1	0.211	1	136.75	10.91
308.8	70.18	-87.29	0.150	1	42.830	0	16.823	1	0.150	1	136.75	10.91
308.9	70.33	-87.16	0.099	1	42.665	0	16.701	1	0.099	1	136.75	10.91
309.0	70.48	-87.04	0.058	1	42.500	0	16.580	1	0.058	1	136.75	11.31
309.1	70.64	-86.92	0.027	1	42.335	0	16.460	1	0.027	1	136.75	11.31
309.2	70.79	-86.79	0.007	1	42.170	0	16.341	1	0.007	1	136.75	11.31
309.3	70.94	-86.67	-0.002	1	42.005	0	16.224	1	-0.002	1	136.75	11.31
309.4	71.09	-86.55	-0.001	1	41.840	0	16.107	1	-0.001	1	136.75	11.31
309.5	71.24	-86.42	0.012	1	41.675	0	15.992	1	0.012	1	136.75	11.31
309.6	71.39	-86.30	0.035	1	41.511	0	15.878	1	0.035	1	136.75	11.31
309.7	71.54	-86.17	0.070	1	41.346	0	15.765	1	0.070	1	136.75	11.31
309.8	71.69	-86.05	0.114	1	41.182	0	15.653	1	0.114	1	136.75	11.31
309.9	71.84	-85.92	0.168	1	41.017	0	15.543	1	0.168	1	136.75	11.31
310.0	71.99	-85.80	0.232	1	40.853	0	15.434	1	0.232	1	136.75	11.97
310.1	72.14	-85.67	0.305	1	40.689	0	15.326	1	0.305	1	136.75	11.97
310.2	72.29	-85.55	0.387	1	40.524	0	15.219	1	0.387	1	136.75	11.97
310.3	72.44	-85.42	0.476	1	40.360	0	15.114	1	0.476	1	136.75	11.97
310.4	72.59	-85.29	0.574	1	40.196	0	15.011	1	0.574	1	136.75	11.97
310.5	72.74	-85.17	0.678	1	40.032	0	14.909	1	0.678	1	136.75	11.97
310.6	72.89	-85.04	0.788	1	39.869	0	14.808	1	0.788	1	136.75	11.97
310.7	73.04	-84.91	0.829	1	39.705	0	14.709	1	0.829	1	136.75	11.97
310.8	73.18	-84.78	0.716	1	39.541	0	14.611	1	0.716	1	136.75	11.97
310.9	73.33	-84.66	0.610	1	39.378	0	14.515	1	0.610	1	136.75	11.97
311.0	73.48	-84.53	0.511	1	39.214	0	14.420	1	0.511	1	136.25	11.68
311.1	73.63	-84.40	0.419	1	39.051	0	14.327	1	0.419	1	136.25	11.68
311.2	73.77	-84.27	0.335	1	38.888	0	14.236	1	0.335	1	136.25	11.68
311.3	73.92	-84.14	0.259	1	38.725	0	14.147	1	0.259	1	136.25	11.68
311.4	74.07	-84.01	0.192	1	38.561	0	14.059	1	0.192	1	136.25	11.68
311.5	74.21	-83.88	0.135	1	38.399	0	13.972	1	0.135	1	136.25	11.68
311.6	74.36	-83.75	0.087	1	38.236	0	13.888	1	0.087	1	136.25	11.68
311.7	74.51	-83.62	0.049	1	38.073	0	13.805	1	0.049	1	136.25	11.68
311.8	74.65	-83.49	0.022	1	37.910	0	13.725	1	0.022	1	136.25	11.68
311.9	74.80	-83.36	0.006	1	37.748	0	13.646	1	0.006	1	136.25	11.68
312.0	74.94	-83.23	0.001	1	37.586	0	13.568	1	0.001	1	132.75	10.22
312.1	75.09	-83.10	0.006	1	37.423	0	13.493	1	0.006	1	132.75	10.22
312.2	75.23	-82.97	0.023	1	37.261	0	13.420	1	0.023	1	132.75	10.22
312.3	75.38	-82.84	0.050	1	37.099	0	13.349	1	0.050	1	132.75	10.22
312.4	75.52	-82.71	0.088	1	36.937	0	13.279	1	0.088	1	132.75	10.22
312.5	75.67	-82.58	0.136	1	36.776	0	13.212	1	0.136	1	132.75	10.22
312.6	75.81	-82.44	0.194	1	36.614	0	13.147	1	0.194	1	132.75	10.22
312.7	75.95	-82.31	0.261	1	36.452	0	13.084	1	0.261	1	132.75	10.22
312.8	76.10	-82.18	0.337	1	36.291	0	13.023	1	0.337	1	132.75	10.22
312.9	76.24	-82.04	0.421	1	36.130	0	12.964	1	0.421	1	132.75	10.22
313.0	76.38	-81.91	0.513	1	35.969	0	12.908	1	0.513	1	132.00	8.71
313.1	76.53	-81.78	0.613	1	35.808	0	12.853	1	0.613	1	132.00	8.71
313.2	76.67	-81.64	0.719	1	35.647	0	12.801	1	0.719	1	132.00	8.71
313.3	76.81	-81.51	0.832	1	35.486	0	12.751	1	0.832	1	132.00	8.71
313.4	76.95	-81.38	0.788	1	35.326	0	12.703	1	0.788	1	132.00	8.71
313.5	77.10	-81.24	0.678	1	35.166	0	12.658	1	0.678	1	132.00	8.71
313.6	77.24	-81.11	0.574	1	35.005	0	12.559	1	0.574	1	132.00	8.71
313.7	77.38	-80.97	0.477	1	34.845	0	12.412	1	0.477	1	132.00	8.71
313.8	77.52	-80.84	0.387	1	34.685	0	12.267	1	0.387	1	132.00	8.71
313.9	77.66	-80.70	0.306	1	34.526	0	12.122	1	0.306	1	132.00	8.71
314.0	77.80	-80.57	0.233	1	34.366	0	11.979	1	0.233	1	131.50	7.80
314.1	77.94	-80.43	0.170	1	34.207	0	11.837	1	0.170	1	131.50	7.80
314.2	78.08	-80.29	0.116	1	34.047	0	11.696	1	0.116	1	131.50	7.80
314.3	78.22	-80.16	0.071	1	33.888	0	11.556	1	0.071	1	131.50	7.80
314.4	78.36	-80.02	0.038	1	33.729	0	11.417	1	0.038	1	131.50	7.80
314.5	78.50	-79.88	0.014	1	33.571	0	11.280	1	0.014	1	131.50	7.80
314.6	78.64	-79.75	0.002	1	33.412	0	11.144	1	0.002	1	131.50	7.80
314.7	78.78	-79.61	0.001	1	33.254	0	11.010	1	0.001	1	131.50	7.80
314.8	78.92	-79.47	0.010	1	33.096	0	10.877	1	0.010	1	131.50	7.80
314.9	79.06	-79.33	0.030	1	32.938	0	10.746	1	0.030	1	131.50	7.80
315.0	79.20	-79.20	0.061	1	32.780	0	10.616	1	0.061	1	133.00	7.66
315.1	79.33	-79.06	0.103	1	32.622	0	10.487	1	0.103	1	133.00	7.66
315.2	79.47	-78.92	0.154	1	32.465	0	10.361	1	0.154	1	133.00	7.66
315.3	79.61	-78.78	0.215	1	32.308	0	10.236	1	0.215	1	133.00	7.66
315.4	79.75	-78.64	0.286	1	32.151	0	10.113	1	0.286	1	133.00	7.66
315.5	79.88	-78.50	0.365	1	31.994	0	9.992	1	0.365	1	133.00	7.66
315.6	80.02	-78.36	0.452	1	31.837	0	9.872	1	0.452	1	133.00	7.66
315.7	80.16	-78.22	0.547	1	31.681	0	9.755	1	0.547	1	133.00	7.66
315.8	80.29	-78.08	0.649	1	31.525	0	9.640	1	0.649	1	133.00	7.66
315.9	80.43	-77.94	0.758	1	31.369	0	9.527	1	0.758	1	133.00	7.66
316.0	80.57	-77.80	0.868	1	31.213	0	9.416	1	0.868	1	133.75	9.46
316.1	80.70	-77.66	0.753	1	31.058	0	9.307	1	0.753	1	133.75	9.46
316.2	80.84	-77.52	0.645	1	30.903	0	9.200	1	0.645	1	133.75	9.46
316.3	80.97	-77.38	0.543	1	30.748	0	9.096	1	0.543	1	133.75	9.46
316.4	81.11	-77.24	0.449	1	30.593	0	8.995	1	0.449	1	133.75	9.46
316.5	81.24	-77.10	0.362	1	30.438	0	8.896	1	0.362	1	133.75	9.46
316.6	81.38	-76.95	0.283	1	30.284	0	8.799	1	0.283	1	133.75	9.46
316.7	81.51	-76.81	0.213	1	30.130	0	8.706	1	0.213	1	133.75	9.46
316.8	81.64	-76.67	0.153	1	29.976	0	8.615	1	0.153	1	133.75	9.46
316.9	81.78	-76.53	0.102	1	29.823	0	8.527	1	0.102	1	133.75	9.46
317.0	81.91	-76.38	0.061	1	29.670	0	8.442	1	0.061	1	133.75	11.62
317.1	82.04	-76.24	0.031	1	29.517	0	8.360	1	0.031	1	133.75	11.62
317.2	82.18	-76.10	0.011	1	29.364	0	8.281	1	0.011	1	133.75	11.62
317.3	82.31	-75.95	0.002	1	29.212	0	8.205	1	0.002	1	133.75	11.62
317.4	82.44	-75.81	0.004	1	29.060	0	8.133	1	0.004	1	133.75	11.62
317.5	82.58	-75.67	0.017	1	28.908	0	8.064	1	0.017	1	133.75	11.62
317.6	82.71	-75.52	0.041	1	28.756	0	7.998	1	0.041	1	133.75	11.62
317.7	82.84	-75.38	0.075	1	28.605	0	7.936	1	0.075	1	133.75	11.62
317.8	82.97	-75.23	0.120	1	28.454	0	7.878	1	0.120	1	133.75	11.62
317.9	83.10	-75.09	0.175	1	28.304	0	7.823	1	0.175	1	133.75	11.62
318.0	83.23	-74.94	0.239	1	28.153	0	7.772	1	0.239	1	133.75	12.91
318.1	83.36	-74.80	0.312	1	28.003	0	7.725	1	0.312	1	133.75	12.91
318.2	83.49	-74.65	0.393	1	27.854	0	7.681	1	0.393	1	133.75	12.91
318.3	83.62	-74.51	0.483	1	27.705	0	7.642	1	0.483	1	133.75	12.91
318.4	83.75	-74.36	0.580	1	27.556	0	7.606	1	0.580	1	133.75	12.91
318.5	83.88	-74.21	0.685	1	27.407	0	7.575	1	0.685	1	133.75	12.91
318.6	84.01	-74.07	0.795	1	27.259	0	7.547	1	0.795	1	133.75	12.91
318.7	84.14	-73.92	0.826	1	27.111	0	7.524	1	0.826	1	133.75	12.91
318.8	84.27	-73.77	0.713	1	26.963	0	7.478	1	0.713	1	133.75	12.91
318.9	84.40	-73.63	0.607	1	26.816	0	7.436	1	0.607	1	133.75	12.91
319.0	84.53	-73.48	0.508	1	26.669	0	7.397	1	0.508	1	133.75	12.98
319.1	84.66	-73.33	0.416	1	26.523	0	7.363	1	0.416	1	133.75	12.98
319.2	84.78	-73.18	0.332	1	26.377	0	7.333	1	0.332	1	133.75	12.98
319.3	84.91	-73.04	0.256	1	26.231	0	7.307	1	0.256	1	133.75	12.98
319.4	85.04	-72.89	0.189	1	26.086	0	7.263	1	0.189	1	133.75	12.98
319.5	85.17	-72.74	0.132	1	25.941	0	7.217	1	0.132	1	133.75	12.98
319.6	85.29	-72.59	0.084	1	25.797	0	7.176	1	0.084	1	133.75	12.98
319.7	85.42	-72.44	0.047	1	25.653	0	7.139	1	0.047	1	133.75	12.98
319.8	85.55	-72.29	0.020	1	25.509	0	7.106	1	0.020	1	133.75	12.98
319.9	85.67	-72.14	0.004	1	25.366	0	7.077	1	0.004	1	133.75	12.98
320.0	85.80	-71.99	-0.001	1	25.223	0	7.037	1	-0.001	1	137.00	13.14
320.1	85.92	-71.84	0.005	1	25.081	0	6.988	1	0.005	1	137.00	13.14
320.2	86.05	-71.69	0.021	1	24.940	0	6.944	1	0.021	1	137.00	13.14
320.3	86.17	-71.54	0.049	1	24.798	0	6.903	1	0.049	1	137.00	13.14
320.4	86.30	-71.39	0.087	1	24.657	0	6.868	1	0.087	1	137.00	13.14
320.5	86.42	-71.24	0.135	1	24.517	0	6.836	1	0.135	1	137.00	13.14
320.6	86.55	-71.09	0.193	1	24.377	0	6.810	1	0.193	1	137.00	13.14
320.7	86.67	-70.94	0.260	1	24.238	0	6.787	1	0.260	1	137.00	13.14
320.8	86.79	-70.79	0.336	1	24.099	0	6.770	1	0.336	1	137.00	13.14
320.9	86.92	-70.64	0.421	1	23.961	0	6.757	1	0.421	1	137.00	13.14
321.0	87.04	-70.48	0.513	1	23.823	0	6.748	1	0.513	1	133.75	12.39
321.1	87.16	-70.33	0.613	1	23.686	0	6.744	1	0.613	1	133.75	12.39
321.2	87.29	-70.18	0.719	1	23.549	0	6.745	1	0.719	1	133.75	12.39
321.3	87.41	-70.03	0.832	1	23.413	0	6.751	1	0.832	1	133.75	12.39
321.4	87.53	-69.87	0.796	1	23.278	0	6.761	1	0.796	1	133.75	12.39
321.5	87.65	-69.72	0.686	1	23.143	0	6.776	1	0.686	1	133.75	12.39
321.6	87.77	-69.57	0.582	1	23.008	0	6.795	1	0.582	1	133.75	12.39
321.7	87.89	-69.42	0.485	1	22.874	0	6.819	1	0.485	1	133.75	12.39
321.8	88.02	-69.26	0.395	1	22.741	0	6.848	1	0.395	1	133.75	12.39
321.9	88.14	-69.11	0.314	1	22.609	0	6.881	1	0.314	1	133.75	12.39
322.0	88.26	-68.95	0.241	1	22.477	0	6.918	1	0.241	1	133.75	11.78
322.1	88.38	-68.80	0.177	1	22.345	0	6.960	1	0.177	1	133.75	11.78
322.2	88.50	-68.65	0.123	1	22.215	0	7.006	1	0.123	1	133.75	11.78
322.3	88.62	-68.49	0.078	1	22.085	0	7.056	1	0.078	1	133.75	11.78
322.4	88.74	-68.34	0.044	1	21.956	0	7.110	1	0.044	1	133.75	11.78
322.5	88.86	-68.18	0.021	1	21.827	0	7.169	1	0.021	1	133.75	11.78
322.6	88.97	-68.03	0.008	1	21.699	0	7.231	1	0.008	1	133.75	11.78
322.7	89.09	-67.87	0.006	1	21.572	0	7.298	1	0.006	1	133.75	11.78
322.8	89.21	-67.72	0.016	1	21.446	0	7.368	1	0.016	1	133.75	11.78
322.9	89.33	-67.56	0.036	1	21.320	0	7.441	1	0.036	1	133.75	11.78
323.0	89.45	-67.40	0.066	1	21.195	0	7.519	1	0.066	1	133.75	11.35
323.1	89.56	-67.25	0.107	1	21.071	0	7.599	1	0.107	1	133.75	11.35
323.2	89.68	-67.09	0.158	1	20.947	0	7.684	1	0.158	1	133.75	11.35
323.3	89.80	-66.93	0.219	1	20.825	0	7.771	1	0.219	1	133.75	11.35
323.4	89.92	-66.78	0.289	1	20.703	0	7.862	1	0.289	1	133.75	11.35
323.5	90.03	-66.62	0.368	1	20.582	0	7.955	1	0.368	1	133.75	11.35
323.6	90.15	-66.46	0.455	1	20.462	0	8.052	1	0.455	1	133.75	11.35
323.7	90.26	-66.31	0.549	1	20.342	0	8.152	1	0.549	1	133.75	11.35
323.8	90.38	-66.15	0.651	1	20.224	0	8.254	1	0.651	1	133.75	11.35
323.9	90.49	-65.99	0.760	1	20.106	0	8.359	1	0.760	1	133.75	11.35
324.0	90.61	-65.83	0.871	1	19.990	0	8.467	1	0.871	1	137.00	11.51
324.1	90.72	-65.67	0.756	1	19.874	0	8.577	1	0.756	1	137.00	11.51
324.2	90.84	-65.52	0.647	1	19.759	0	8.690	1	0.647	1	137.00	11.51
324.3	90.95	-65.36	0.545	1	19.645	0	8.805	1	0.545	1	137.00	11.51
324.4	91.07	-65.20	0.451	1	19.532	0	8.923	1	0.451	1	137.00	11.51
324.5	91.18	-65.04	0.363	1	19.420	0	9.042	1	0.363	1	137.00	11.51
324.6	91.29	-64.88	0.284	1	19.309	0	9.164	1	0.284	1	137.00	11.51
324.7	91.41	-64.72	0.214	1	19.199	0	9.288	1	0.214	1	137.00	11.51
324.8	91.52	-64.56	0.153	1	19.090	0	9.413	1	0.153	1	137.00	11.51
324.9	91.63	-64.40	0.102	1	18.983	0	9.541	1	0.102	1	137.00	11.51
325.0	91.75	-64.24	0.061	1	18.876	0	9.670	1	0.061	1	135.00	12.24
325.1	91.86	-64.08	0.030	1	18.770	0	9.801	1	0.030	1	135.00	12.24
325.2	91.97	-63.92	0.010	1	18.665	0	9.934	1	0.010	1	135.00	12.24
325.3	92.08	-63.76	0.000	1	18.562	0	10.069	1	0.000	1	135.00	12.24
325.4	92.19	-63.60	0.002	1	18.459	0	10.205	1	0.002	1	135.00	12.24
325.5	92.30	-63.44	0.014	1	18.358	0	10.342	1	0.014	1	135.00	12.24
325.6	92.41	-63.28	0.038	1	18.258	0	10.481	1	0.038	1	135.00	12.24
325.7	92.52	-63.11	0.072	1	18.159	0	10.622	1	0.072	1	135.00	12.24
325.8	92.63	-62.95	0.116	1	18.061	0	10.763	1	0.116	1	135.00	12.24
325.9	92.74	-62.79	0.170	1	17.965	0	10.906	1	0.170	1	135.00	12.24
326.0	92.85	-62.63	0.234	1	17.870	0	11.051	1	0.234	1	133.50	11.84
326.1	92.96	-62.47	0.307	1	17.776	0	11.196	1	0.307	1	133.50	11.84
326.2	93.07	-62.31	0.388	1	17.683	0	11.343	1	0.388	1	133.50	11.84
326.3	93.18	-62.14	0.478	1	17.591	0	11.491	1	0.478	1	133.50	11.84
326.4	93.29	-61.98	0.575	1	17.501	0	11.640	1	0.575	1	133.50	11.84
326.5	93.40	-61.82	0.679	1	17.413	0	11.790	1	0.679	1	133.50	11.84
326.6	93.50	-61.65	0.789	1	17.325	0	11.673	1	0.789	1	133.50	11.84
326.7	93.61	-61.49	0.826	1	17.239	0	11.499	1	0.826	1	133.50	11.84
326.8	93.72	-61.33	0.713	1	17.155	0	11.326	1	0.713	1	133.50	11.84
326.9	93.82	-61.16	0.607	1	17.072	0	11.154	1	0.607	1	133.50	11.84
327.0	93.93	-61.00	0.507	1	16.990	0	10.982	1	0.507	1	132.50	9.90
327.1	94.04	-60.84	0.415	1	16.910	0	10.811	1	0.415	1	132.50	9.90
327.2	94.14	-60.67	0.331	1	16.831	0	10.640	1	0.331	1	132.50	9.90
327.3	94.25	-60.51	0.255	1	16.753	0	10.470	1	0.255	1	132.50	9.90
327.4	94.35	-60.34	0.188	1	16.678	0	10.301	1	0.188	1	132.50	9.90
327.5	94.46	-60.18	0.131	1	16.603	0	10.132	1	0.131	1	132.50	9.90
327.6	94.56	-60.01	0.083	1	16.531	0	9.964	1	0.083	1	132.50	9.90
327.7	94.67	-59.85	0.045	1	16.460	0	9.797	1	0.045	1	132.50	9.90
327.8	94.77	-59.68	0.019	1	16.390	0	9.631	1	0.019	1	132.50	9.90
327.9	94.88	-59.52	0.002	1	16.322	0	9.466	1	0.002	1	132.50	9.90
328.0	94.98	-59.35	-0.003	1	16.256	0	9.302	1	-0.003	1	132.50	8.18
328.1	95.08	-59.19	0.003	1	16.192	0	9.138	1	0.003	1	132.50	8.18
328.2	95.19	-59.02	0.019	1	16.129	0	8.976	1	0.019	1	132.50	8.18
328.3	95.29	-58.85	0.047	1	16.068	0	8.815	1	0.047	1	132.50	8.18
328.4	95.39	-58.69	0.084	1	16.008	0	8.654	1	0.084	1	132.50	8.18
328.5	95.50	-58.52	0.132	1	15.950	0	8.496	1	0.132	1	132.50	8.18
328.6	95.60	-58.35	0.190	1	15.894	0	8.338	1	0.190	1	132.50	8.18
328.7	95.70	-58.19	0.258	1	15.840	0	8.182	1	0.258	1	132.50	8.18
328.8	95.80	-58.02	0.334	1	15.788	0	8.027	1	0.334	1	132.50	8.18
328.9	95.90	-57.85	0.418	1	15.737	0	7.873	1	0.418	1	132.50	8.18
329.0	96.00	-57.68	0.510	1	15.684	0	7.722	1	0.510	1	138.25	6.88
329.1	96.10	-57.52	0.610	1	15.633	0	7.572	1	0.610	1	138.25	6.88
329.2	96.20	-57.35	0.717	1	15.584	0	7.423	1	0.717	1	138.25	6.88
329.3	96.30	-57.18	0.830	1	15.537	0	7.277	1	0.830	1	138.25	6.88
329.4	96.40	-57.01	0.794	1	15.491	0	7.132	1	0.794	1	138.25	6.88
329.5	96.50	-56.84	0.683	1	15.447	0	6.990	1	0.683	1	138.25	6.88
329.6	96.60	-56.68	0.579	1	15.406	0	6.850	1	0.579	1	138.25	6.88
329.7	96.70	-56.51	0.482	1	15.366	0	6.712	1	0.482	1	138.25	6.88
329.8	96.80	-56.34	0.392	1	15.328	0	6.577	1	0.392	1	138.25	6.88
329.9	96.90	-56.17	0.310	1	15.293	0	6.444	1	0.310	1	138.25	6.88
330.0	96.99	-56.00	0.237	1	15.259	0	6.314	1	0.237	1	138.25	6.26
330.1	97.09	-55.83	0.173	1	15.227	0	6.187	1	0.173	1	138.25	6.26
330.2	97.19	-55.66	0.119	1	15.197	0	6.063	1	0.119	1	138.25	6.26
330.3	97.29	-55.49	0.074	1	15.169	0	5.943	1	0.074	1	138.25	6.26
330.4	97.38	-55.32	0.040	1	15.144	0	5.826	1	0.040	1	138.25	6.26
330.5	97.48	-55.15	0.016	1	15.120	0	5.713	1	0.016	1	138.25	6.26
330.6	97.58	-54.98	0.003	1	15.098	0	5.603	1	0.003	1	138.25	6.26
330.7	97.67	-54.81	0.001	1	15.079	0	5.498	1	0.001	1	138.25	6.26
330.8	97.77	-54.64	0.010	1	15.061	0	5.397	1	0.010	1	138.25	6.26
330.9	97.86	-54.47	0.030	1	15.046	0	5.301	1	0.030	1	138.25	6.26
331.0	97.96	-54.30	0.061	1	15.032	0	5.209	1	0.061	1	138.25	5.53
331.1	98.05	-54.13	0.102	1	15.021	0	5.123	1	0.102	1	138.25	5.53
331.2	98.15	-53.96	0.153	1	15.012	0	5.042	1	0.153	1	138.25	5.53
331.3	98.24	-53.79	0.214	1	15.005	0	4.966	1	0.214	1	138.25	5.53
331.4	98.33	-53.61	0.284	1	15.000	0	4.897	1	0.284	1	138.25	5.53
331.5	98.43	-53.44	0.362	1	14.997	0	4.833	1	0.362	1	138.25	5.53
331.6	98.52	-53.27	0.449	1	14.996	0	4.775	1	0.449	1	138.25	5.53
331.7	98.61	-53.10	0.544	1	14.997	0	4.724	1	0.544	1	138.25	5.53
331.8	98.71	-52.93	0.645	1	15.001	0	4.680	1	0.645	1	138.25	5.53
331.9	98.80	-52.75	0.754	1	15.006	0	4.642	1	0.754	1	138.25	5.53
332.0	98.89	-52.58	0.865	1	15.014	0	4.611	1	0.865	1	138.50	7.01
332.1	98.98	-52.41	0.750	1	15.023	0	4.588	1	0.750	1	138.50	7.01
332.2	99.07	-52.24	0.642	1	15.035	0	4.571	1	0.642	1	138.50	7.01
332.3	99.16	-52.06	0.540	1	15.049	0	4.562	1	0.540	1	138.50	7.01
332.4	99.25	-51.89	0.445	1	15.065	0	4.560	1	0.445	1	138.50	7.01
332.5	99.35	-51.72	0.358	1	15.083	0	4.566	1	0.358	1	138.50	7.01
332.6	99.44	-51.54	0.279	1	15.103	0	4.571	1	0.279	1	138.50	7.01
332.7	99.53	-51.37	0.209	1	15.125	0	4.563	1	0.209	1	138.50	7.01
332.8	99.61	-51.19	0.148	1	15.149	0	4.562	1	0.148	1	138.50	7.01
332.9	99.70	-51.02	0.097	1	15.175	0	4.569	1	0.097	1	138.50	7.01
333.0	99.79	-50.85	0.056	1	15.204	0	4.568	1	0.056	1	138.50	9.40
333.1	99.88	-50.67	0.026	1	15.234	0	4.561	1	0.026	1	138.50	9.40
333.2	99.97	-50.50	0.006	1	15.266	0	4.561	1	0.006	1	138.50	9.40
333.3	100.06	-50.32	-0.003	1	15.295	0	4.568	1	-0.003	1	138.50	9.40
333.4	100.15	-50.15	-0.002	1	15.321	0	4.583	1	-0.002	1	138.50	9.40
333.5	100.23	-49.97	0.011	1	15.349	0	4.605	1	0.011	1	138.50	9.40
333.6	100.32	-49.80	0.035	1	15.380	0	4.634	1	0.035	1	138.50	9.40
333.7	100.41	-49.62	0.069	1	15.412	0	4.670	1	0.069	1	138.50	9.40
333.8	100.49	-49.45	0.114	1	15.447	0	4.713	1	0.114	1	138.50	9.40
333.9	100.58	-49.27	0.168	1	15.483	0	4.763	1	0.168	1	138.50	9.40
334.0	100.66	-49.10	0.232	1	15.521	0	4.819	1	0.232	1	138.25	11.64
334.1	100.75	-48.92	0.305	1	15.562	0	4.881	1	0.305	1	138.25	11.64
334.2	100.84	-48.75	0.387	1	15.604	0	4.950	1	0.387	1	138.25	11.64
334.3	100.92	-48.57	0.477	1	15.648	0	5.024	1	0.477	1	138.25	11.64
334.4	101.01	-48.39	0.574	1	15.694	0	5.104	1	0.574	1	138.25	11.64
334.5	101.09	-48.22	0.678	1	15.742	0	5.189	1	0.678	1	138.25	11.64
334.6	101.17	-48.04	0.789	1	15.791	0	5.279	1	0.789	1	138.25	11.64
334.7	101.26	-47.86	0.834	1	15.843	0	5.374	1	0.834	1	138.25	11.64
334.8	101.34	-47.69	0.721	1	15.897	0	5.474	1	0.721	1	138.25	11.64
334.9	101.42	-47.51	0.615	1	15.952	0	5.578	1	0.615	1	138.25	11.64
335.0	101.51	-47.33	0.515	1	16.009	0	5.687	1	0.515	1	138.25	14.19
335.1	101.59	-47.16	0.423	1	16.068	0	5.799	1	0.423	1	138.25	14.19
335.2	101.67	-46.98	0.339	1	16.128	0	5.915	1	0.339	1	138.25	14.19
335.3	101.75	-46.80	0.263	1	16.190	0	6.035	1	0.263	1	138.25	14.19
335.4	101.83	-46.62	0.196	1	16.251	0	6.158	1	0.196	1	138.25	14.19
335.5	101.92	-46.45	0.139	1	16.312	0	6.284	1	0.139	1	138.25	14.19
335.6	102.00	-46.27	0.091	1	16.375	0	6.413	1	0.091	1	138.25	14.19
335.7	102.08	-46.09	0.053	1	16.439	0	6.545	1	0.053	1	138.25	14.19
335.8	102.16	-45.91	0.026	1	16.505	0	6.680	1	0.026	1	138.25	14.19
335.9	102.24	-45.73	0.010	1	16.572	0	6.817	1	0.010	1	138.25	14.19
336.0	102.32	-45.55	0.004	1	16.642	0	6.957	1	0.004	1	138.25	16.44
336.1	102.40	-45.38	0.010	1	16.712	0	7.099	1	0.010	1	138.25	16.44
336.2	102.48	-45.20	0.026	1	16.785	0	7.243	1	0.026	1	138.25	16.44
336.3	102.55	-45.02	0.053	1	16.858	0	7.389	1	0.053	1	138.25	16.44
336.4	102.63	-44.84	0.091	1	16.934	0	7.537	1	0.091	1	138.25	16.44
336.5	102.71	-44.66	0.138	1	17.011	0	7.686	1	0.138	1	138.25	16.44
336.6	102.79	-44.48	0.196	1	17.089	0	7.838	1	0.196	1	138.25	16.44
336.7	102.87	-44.30	0.263	1	17.169	0	7.991	1	0.263	1	138.25	16.44
336.8	102.94	-44.12	0.339	1	17.250	0	8.145	1	0.339	1	138.25	16.44
336.9	103.02	-43.94	0.423	1	17.333	0	8.301	1	0.423	1	138.25	16.44
337.0	103.10	-43.76	0.515	1	17.417	0	8.459	1	0.515	1	138.25	16.16
337.1	103.17	-43.58	0.614	1	17.503	0	8.617	1	0.614	1	138.25	16.16
337.2	103.25	-43.40	0.721	1	17.590	0	8.777	1	0.721	1	138.25	16.16
337.3	103.32	-43.22	0.833	1	17.678	0	8.938	1	0.833	1	138.25	16.16
337.4	103.40	-43.04	0.794	1	17.767	0	9.100	1	0.794	1	138.25	16.16
337.5	103.47	-42.86	0.683	1	17.858	0	9.263	1	0.683	1	138.25	16.16
337.6	103.55	-42.68	0.579	1	17.951	0	9.268	1	0.579	1	138.25	16.16
337.7	103.62	-42.50	0.481	1	18.044	0	9.159	1	0.481	1	138.25	16.16
337.8	103.70	-42.32	0.392	1	18.139	0	9.053	1	0.392	1	138.25	16.16
337.9	103.77	-42.14	0.310	1	18.235	0	8.949	1	0.310	1	138.25	16.16
338.0	103.84	-41.96	0.237	1	18.332	0	8.848	1	0.237	1	138.25	16.09
338.1	103.92	-41.77	0.172	1	18.430	0	8.749	1	0.172	1	138.25	16.09
338.2	103.99	-41.59	0.118	1	18.530	0	8.654	1	0.118	1	138.25	16.09
338.3	104.06	-41.41	0.073	1	18.630	0	8.561	1	0.073	1	138.25	16.09
338.4	104.13	-41.23	0.039	1	18.732	0	8.471	1	0.039	1	138.25	16.09
338.5	104.21	-41.05	0.015	1	18.835	0	8.384	1	0.015	1	138.25	16.09
338.6	104.28	-40.87	0.002	1	18.939	0	8.301	1	0.002	1	138.25	16.09
338.7	104.35	-40.68	-0.000	1	19.044	0	8.221	1	-0.000	1	138.25	16.09
338.8	104.42	-40.50	0.009	1	19.151	0	8.144	1	0.009	1	138.25	16.09
338.9	104.49	-40.32	0.028	1	19.258	0	8.070	1	0.028	1	138.25	16.09
339.0	104.56	-40.14	0.059	1	19.366	0	8.000	1	0.059	1	138.00	16.53
339.1	104.63	-39.95	0.100	1	19.476	0	7.934	1	0.100	1	138.00	16.53
339.2	104.70	-39.77	0.151	1	19.586	0	7.871	1	0.151	1	138.00	16.53
339.3	104.77	-39.59	0.211	1	19.697	0	7.804	1	0.211	1	138.00	16.53
339.4	104.84	-39.41	0.281	1	19.810	0	7.728	1	0.281	1	138.00	16.53
339.5	104.91	-39.22	0.360	1	19.804	0	7.655	1	0.360	1	138.00	16.53
339.6	104.98	-39.04	0.446	1	19.620	0	7.586	1	0.446	1	138.00	16.53
339.7	105.04	-38.86	0.541	1	19.437	0	7.521	1	0.541	1	138.00	16.53
339.8	105.11	-38.67	0.643	1	19.254	0	7.460	1	0.643	1	138.00	16.53
339.9	105.18	-38.49	0.751	1	19.071	0	7.403	1	0.751	1	138.00	16.53
340.0	105.25	-38.31	0.866	1	18.888	0	7.350	1	0.866	1	136.00	16.75
340.1	105.31	-38.12	0.755	1	18.705	0	7.301	1	0.755	1	136.00	16.75
340.2	105.38	-37.94	0.646	1	18.522	0	7.257	1	0.646	1	136.00	16.75
340.3	105.44	-37.75	0.545	1	18.339	0	7.217	1	0.545	1	136.00	16.75
340.4	105.51	-37.57	0.450	1	18.157	0	7.181	1	0.450	1	136.00	16.75
340.5	105.58	-37.39	0.363	1	17.975	0	7.150	1	0.363	1	136.00	16.75
340.6	105.64	-37.20	0.284	1	17.792	0	7.123	1	0.284	1	136.00	16.75
340.7	105.71	-37.02	0.214	1	17.610	0	7.101	1	0.214	1	136.00	16.75
340.8	105.77	-36.83	0.154	1	17.428	0	7.084	1	0.154	1	136.00	16.75
340.9	105.83	-36.65	0.102	1	17.247	0	7.071	1	0.102	1	136.00	16.75
341.0	105.90	-36.46	0.061	1	17.065	0	7.063	1	0.061	1	133.75	16.64
341.1	105.96	-36.28	0.031	1	16.884	0	7.060	1	0.031	1	133.75	16.64
341.2	106.02	-36.09	0.011	1	16.702	0	7.062	1	0.011	1	133.75	16.64
341.3	106.09	-35.91	0.002	1	16.521	0	7.068	1	0.002	1	133.75	16.64
341.4	106.15	-35.72	0.004	1	16.340	0	7.079	1	0.004	1	133.75	16.64
341.5	106.21	-35.54	0.016	1	16.160	0	7.094	1	0.016	1	133.75	16.64
341.6	106.27	-35.35	0.040	1	15.979	0	7.114	1	0.040	1	133.75	16.64
341.7	106.34	-35.17	0.074	1	15.799	0	7.139	1	0.074	1	133.75	16.64
341.8	106.40	-34.98	0.119	1	15.619	0	7.165	1	0.119	1	133.75	16.64
341.9	106.46	-34.80	0.173	1	15.439	0	7.184	1	0.173	1	133.75	16.64
342.0	106.52	-34.61	0.237	1	15.259	0	7.209	1	0.237	1	131.75	16.29
342.1	106.58	-34.42	0.310	1	15.080	0	7.237	1	0.310	1	131.75	16.29
342.2	106.64	-34.24	0.392	1	14.901	0	7.271	1	0.392	1	131.75	16.29
342.3	106.70	-34.05	0.481	1	14.722	0	7.309	1	0.481	1	131.75	16.29
342.4	106.76	-33.87	0.578	1	14.543	0	7.351	1	0.578	1	131.75	16.29
342.5	106.82	-33.68	0.682	1	14.365	0	7.398	1	0.682	1	131.75	16.29
342.6	106.87	-33.49	0.793	1	14.187	0	7.448	1	0.793	1	131.75	16.29
342.7	106.93	-33.31	0.829	1	14.009	0	7.503	1	0.829	1	131.75	16.29
342.8	106.99	-33.12	0.717	1	13.832	0	7.562	1	0.717	1	131.75	16.29
342.9	107.05	-32.93	0.610	1	13.654	0	7.625	1	0.610	1	131.75	16.29
343.0	107.11	-32.75	0.510	1	13.478	0	7.692	1	0.510	1	130.75	15.41
343.1	107.16	-32.56	0.418	1	13.301	0	7.763	1	0.418	1	130.75	15.41
343.2	107.22	-32.37	0.334	1	13.125	0	7.838	1	0.334	1	130.75	15.41
343.3	107.28	-32.18	0.258	1	12.949	0	7.916	1	0.258	1	130.75	15.41
343.4	107.33	-32.00	0.190	1	12.774	0	7.997	1	0.190	1	130.75	15.41
343.5	107.39	-31.81	0.133	1	12.599	0	8.082	1	0.133	1	130.75	15.41
343.6	107.44	-31.62	0.085	1	12.424	0	8.171	1	0.085	1	130.75	15.41
343.7	107.50	-31.43	0.047	1	12.250	0	8.262	1	0.047	1	130.75	15.41
343.8	107.55	-31.25	0.019	1	12.076	0	8.357	1	0.019	1	130.75	15.41
343.9	107.61	-31.06	0.003	1	11.896	0	8.454	1	0.003	1	130.75	15.41
344.0	107.66	-30.87	-0.003	1	11.715	0	8.555	1	-0.003	1	130.25	14.44
344.1	107.72	-30.68	0.003	1	11.534	0	8.658	1	0.003	1	130.25	14.44
344.2	107.77	-30.50	0.019	1	11.354	0	8.764	1	0.019	1	130.25	14.44
344.3	107.82	-30.31	0.046	1	11.174	0	8.873	1	0.046	1	130.25	14.44
344.4	107.87	-30.12	0.083	1	10.994	0	8.984	1	0.083	1	130.25	14.44
344.5	107.93	-29.93	0.131	1	10.814	0	9.097	1	0.131	1	130.25	14.44
344.6	107.98	-29.74	0.188	1	10.635	0	9.213	1	0.188	1	130.25	14.44
344.7	108.03	-29.55	0.255	1	10.457	0	9.331	1	0.255	1	130.25	14.44
344.8	108.08	-29.37	0.331	1	10.279	0	9.452	1	0.331	1	130.25	14.44
344.9	108.13	-29.18	0.415	1	10.101	0	9.574	1	0.415	1	130.25	14.44
345.0	108.18	-28.99	0.508	1	9.923	0	9.699	1	0.508	1	128.25	13.46
345.1	108.23	-28.80	0.607	1	9.747	0	9.747	1	0.607	1	128.25	13.46
345.2	108.28	-28.61	0.713	1	9.570	0	9.570	1	0.713	1	128.25	13.46
345.3	108.33	-28.42	0.826	1	9.394	0	9.394	1	0.826	1	128.25	13.46
345.4	108.38	-28.23	0.788	1	9.219	0	9.219	1	0.788	1	128.25	13.46
345.5	108.43	-28.04	0.677	1	9.045	0	9.045	1	0.677	1	128.25	13.46
345.6	108.48	-27.85	0.573	1	8.871	0	8.871	1	0.573	1	128.25	13.46
345.7	108.53	-27.66	0.476	1	8.697	0	8.697	1	0.476	1	128.25	13.46
345.8	108.58	-27.47	0.386	1	8.525	0	8.525	1	0.386	1	128.25	13.46
345.9	108.63	-27.28	0.305	1	8.353	0	8.353	1	0.305	1	128.25	13.46
346.0	108.67	-27.10	0.232	1	8.182	0	8.182	1	0.232	1	127.75	11.98
346.1	108.72	-26.91	0.168	1	8.012	0	8.012	1	0.168	1	127.75	11.98
346.2	108.77	-26.72	0.113	1	7.842	0	7.842	1	0.113	1	127.75	11.98
346.3	108.81	-26.53	0.069	1	7.674	0	7.674	1	0.069	1	127.75	11.98
346.4	108.86	-26.34	0.035	1	7.507	0	7.507	1	0.035	1	127.75	11.98
346.5	108.91	-26.15	0.011	1	7.340	0	7.340	1	0.011	1	127.75	11.98
346.6	108.95	-25.96	-0.001	1	7.175	0	7.175	1	-0.001	1	127.75	11.98
346.7	109.00	-25.77	-0.003	1	7.011	0	7.011	1	-0.003	1	127.75	11.98
346.8	109.04	-25.58	0.006	1	6.848	0	6.848	1	0.006	1	127.75	11.98
346.9	109.09	-25.38	0.026	1	6.687	0	6.687	1	0.026	1	127.75	11.98
347.0	109.13	-25.19	0.057	1	6.527	0	6.527	1	0.057	1	129.75	10.98
347.1	109.17	-25.00	0.098	1	6.369	0	6.369	1	0.098	1	129.75	10.98
347.2	109.22	-24.81	0.150	1	6.212	0	6.212	1	0.150	1	129.75	10.98
347.3	109.26	-24.62	0.210	1	6.057	0	6.057	1	0.210	1	129.75	10.98
347.4	109.30	-24.43	0.281	1	5.904	0	5.904	1	0.281	1	129.75	10.98
347.5	109.35	-24.24	0.360	1	5.753	0	5.753	1	0.360	1	129.75	10.98
347.6	109.39	-24.05	0.447	1	5.604	0	5.604	1	0.447	1	129.75	10.98
347.7	109.43	-23.86	0.541	1	5.457	0	5.457	1	0.541	1	129.75	10.98
347.8	109.47	-23.67	0.643	1	5.312	0	5.312	1	0.643	1	129.75	10.98
347.9	109.51	-23.48	0.752	1	5.169	0	5.169	1	0.752	1	129.75	10.98
348.0	109.55	-23.29	0.865	1	5.028	0	5.028	1	0.865	1	134.50	10.53
348.1	109.59	-23.09	0.751	1	4.890	0	4.890	1	0.751	1	134.50	10.53
348.2	109.63	-22.90	0.642	1	4.755	0	4.755	1	0.642	1	134.50	10.53
348.3	109.67	-22.71	0.540	1	4.624	0	4.624	1	0.540	1	134.50	10.53
348.4	109.71	-22.52	0.446	1	4.496	0	4.496	1	0.446	1	134.50	10.53
348.5	109.75	-22.33	0.359	1	4.371	0	4.371	1	0.359	1	134.50	10.53
348.6	109.79	-22.14	0.280	1	4.251	0	4.251	1	0.280	1	134.50	10.53
348.7	109.83	-21.95	0.210	1	4.135	0	4.135	1	0.210	1	134.50	10.53
348.8	109.87	-21.75	0.150	1	4.024	0	4.024	1	0.150	1	134.50	10.53
348.9	109.90	-21.56	0.099	1	3.918	0	3.918	1	0.099	1	134.50	10.53
349.0	109.94	-21.37	0.058	1	3.817	0	3.817	1	0.058	1	134.25	11.04
349.1	109.98	-21.18	0.027	1	3.722	0	3.722	1	0.027	1	134.25	11.04
349.2	110.02	-20.99	0.008	1	3.633	0	3.633	1	0.008	1	134.25	11.04
349.3	110.05	-20.79	-0.001	1	3.550	0	3.550	1	-0.001	1	134.25	11.04
349.4	110.09	-20.60	0.001	1	3.474	0	3.474	1	0.001	1	134.25	11.04
349.5	110.12	-20.41	0.014	1	3.405	0	3.405	1	0.014	1	134.25	11.04
349.6	110.16	-20.22	0.037	1	3.343	0	3.343	1	0.037	1	134.25	11.04
349.7	110.20	-20.03	0.072	1	3.289	0	3.289	1	0.072	1	134.25	11.04
349.8	110.23	-19.83	0.116	1	3.244	0	3.244	1	0.116	1	134.25	11.04
349.9	110.26	-19.64	0.171	1	3.206	0	3.206	1	0.171	1	134.25	11.04
350.0	110.30	-19.45	0.235	1	3.177	0	3.177	1	0.235	1	132.75	11.23
350.1	110.33	-19.26	0.308	1	3.156	0	3.156	1	0.308	1	132.75	11.23
350.2	110.37	-19.06	0.390	1	3.145	0	3.145	1	0.390	1	132.75	11.23
350.3	110.40	-18.87	0.480	1	3.142	0	3.142	1	0.480	1	132.75	11.23
350.4	110.43	-18.68	0.577	1	3.148	0	3.148	1	0.577	1	132.75	11.23
350.5	110.46	-18.49	0.681	1	3.163	0	3.163	1	0.681	1	132.75	11.23
350.6	110.50	-18.29	0.792	1	3.187	0	3.187	1	0.792	1	132.75	11.23
350.7	110.53	-18.10	0.825	1	3.219	0	3.219	1	0.825	1	132.75	11.23
350.8	110.56	-17.91	0.712	1	3.260	0	3.260	1	0.712	1	132.75	11.23
350.9	110.59	-17.71	0.606	1	3.309	0	3.309	1	0.606	1	132.75	11.23
351.0	110.62	-17.52	0.506	1	3.323	0	3.323	1	0.506	1	130.75	10.57
351.1	110.65	-17.33	0.414	1	3.338	0	3.338	1	0.414	1	130.75	10.57
351.2	110.68	-17.13	0.330	1	3.362	0	3.362	1	0.330	1	130.75	10.57
351.3	110.71	-16.94	0.254	1	3.394	0	3.394	1	0.254	1	130.75	10.57
351.4	110.74	-16.75	0.187	1	3.434	0	3.434	1	0.187	1	130.75	10.57
351.5	110.77	-16.55	0.129	1	3.483	0	3.483	1	0.129	1	130.75	10.57
351.6	110.80	-16.36	0.082	1	3.539	0	3.539	1	0.082	1	130.75	10.57
351.7	110.83	-16.17	0.044	1	3.603	0	3.603	1	0.044	1	130.75	10.57
351.8	110.85	-15.97	0.017	1	3.674	0	3.674	1	0.017	1	130.75	10.57
351.9	110.88	-15.78	0.001	1	3.752	0	3.752	1	0.001	1	130.75	10.57
352.0	110.91	-15.59	-0.005	1	3.836	0	3.836	1	-0.005	1	130.25	9.90
352.1	110.94	-15.39	0.001	1	3.927	0	3.927	1	0.001	1	130.25	9.90
352.2	110.96	-15.20	0.017	1	4.023	0	4.023	1	0.017	1	130.25	9.90
352.3	110.99	-15.01	0.045	1	4.125	0	4.125	1	0.045	1	130.25	9.90
352.4	111.02	-14.81	0.082	1	4.233	0	4.233	1	0.082	1	130.25	9.90
352.5	111.04	-14.62	0.130	1	4.345	0	4.345	1	0.130	1	130.25	9.90
352.6	111.07	-14.43	0.188	1	4.461	0	4.461	1	0.188	1	130.25	9.90
352.7	111.09	-14.23	0.255	1	4.582	0	4.582	1	0.255	1	130.25	9.90
352.8	111.12	-14.04	0.332	1	4.707	0	4.707	1	0.332	1	130.25	9.90
352.9	111.14	-13.84	0.416	1	4.835	0	4.835	1	0.416	1	130.25	9.90
353.0	111.17	-13.65	0.508	1	4.967	0	4.967	1	0.508	1	129.50	9.46
353.1	111.19	-13.46	0.608	1	5.102	0	5.102	1	0.608	1	129.50	9.46
353.2	111.21	-13.26	0.715	1	5.240	0	5.240	1	0.715	1	129.50	9.46
353.3	111.24	-13.07	0.827	1	5.381	0	5.381	1	0.827	1	129.50	9.46
353.4	111.26	-12.87	0.790	1	5.525	0	5.525	1	0.790	1	129.50	9.46
353.5	111.28	-12.68	0.679	1	5.671	0	5.671	1	0.679	1	129.50	9.46
353.6	111.30	-12.48	0.575	1	5.820	0	5.820	1	0.575	1	129.50	9.46
353.7	111.32	-12.29	0.478	1	5.970	0	5.970	1	0.478	1	129.50	9.46
353.8	111.34	-12.10	0.389	1	6.123	0	6.123	1	0.389	1	129.50	9.46
353.9	111.37	-11.90	0.308	1	6.277	0	6.277	1	0.308	1	129.50	9.46
354.0	111.39	-11.71	0.235	1	6.434	0	6.434	1	0.235	1	129.50	8.53
354.1	111.41	-11.51	0.171	1	6.592	0	6.592	1	0.171	1	129.50	8.53
354.2	111.43	-11.32	0.117	1	6.751	0	6.713	1	0.117	1	129.50	8.53
354.3	111.45	-11.12	0.073	1	6.912	0	6.727	1	0.073	1	129.50	8.53
354.4	111.47	-10.93	0.039	1	7.074	0	6.746	1	0.039	1	129.50	8.53
354.5	111.48	-10.73	0.016	1	7.238	0	6.769	1	0.016	1	129.50	8.53
354.6	111.50	-10.54	0.003	1	7.402	0	6.798	1	0.003	1	129.50	8.53
354.7	111.52	-10.35	0.002	1	7.568	0	6.831	1	0.002	1	129.50	8.53
354.8	111.54	-10.15	0.011	1	7.735	0	6.868	1	0.011	1	129.50	8.53
354.9	111.56	-9.96	0.031	1	7.903	0	6.910	1	0.031	1	129.50	8.53
355.0	111.57	-9.76	0.062	1	8.072	0	6.957	1	0.062	1	132.50	8.82
355.1	111.59	-9.57	0.103	1	8.242	0	7.008	1	0.103	1	132.50	8.82
355.2	111.61	-9.37	0.155	1	8.413	0	7.063	1	0.155	1	132.50	8.82
355.3	111.62	-9.18	0.216	1	8.584	0	7.122	1	0.216	1	132.50	8.82
355.4	111.64	-8.98	0.286	1	8.756	0	7.186	1	0.286	1	132.50	8.82
355.5	111.65	-8.79	0.365	1	8.929	0	7.253	1	0.365	1	132.50	8.82
355.6	111.67	-8.59	0.452	1	9.103	0	7.325	1	0.452	1	132.50	8.82
355.7	111.68	-8.40	0.547	1	9.277	0	7.400	1	0.547	1	132.50	8.82
355.8	111.70	-8.20	0.649	1	9.452	0	7.479	1	0.649	1	132.50	8.82
355.9	111.71	-8.01	0.758	1	9.627	0	7.561	1	0.758	1	132.50	8.82
356.0	111.73	-7.81	0.864	1	9.803	0	7.647	1	0.864	1	132.25	10.02
356.1	111.74	-7.62	0.749	1	9.980	0	7.736	1	0.749	1	132.25	10.02
356.2	111.75	-7.42	0.641	1	10.157	0	7.829	1	0.641	1	132.25	10.02
356.3	111.77	-7.23	0.539	1	10.334	0	7.925	1	0.539	1	132.25	10.02
356.4	111.78	-7.03	0.444	1	10.512	0	8.023	1	0.444	1	132.25	10.02
356.5	111.79	-6.84	0.357	1	10.690	0	8.125	1	0.357	1	132.25	10.02
356.6	111.80	-6.64	0.278	1	10.869	0	8.230	1	0.278	1	132.25	10.02
356.7	111.81	-6.45	0.208	1	11.048	0	8.337	1	0.208	1	132.25	10.02
356.8	111.83	-6.25	0.148	1	11.228	0	8.447	1	0.148	1	132.25	10.02
356.9	111.84	-6.06	0.096	1	11.408	0	8.560	1	0.096	1	132.25	10.02
357.0	111.85	-5.86	0.055	1	11.588	0	8.675	1	0.055	1	132.25	11.29
357.1	111.86	-5.67	0.025	1	11.768	0	8.792	1	0.025	1	132.25	11.29
357.2	111.87	-5.47	0.005	1	11.949	0	8.912	1	0.005	1	132.25	11.29
357.3	111.88	-5.28	-0.004	1	12.130	0	9.034	1	-0.004	1	132.25	11.29
357.4	111.88	-5.08	-0.002	1	12.312	0	9.157	1	-0.002	1	132.25	11.29
357.5	111.89	-4.89	0.011	1	12.494	0	9.284	1	0.011	1	132.25	11.29
357.6	111.90	-4.69	0.034	1	12.675	0	9.411	1	0.034	1	132.25	11.29
357.7	111.91	-4.49	0.069	1	12.858	0	9.541	1	0.069	1	132.25	11.29
357.8	111.92	-4.30	0.113	1	13.040	0	9.673	1	0.113	1	132.25	11.29
357.9	111.92	-4.10	0.168	1	13.223	0	9.806	1	0.168	1	132.25	11.29
358.0	111.93	-3.91	0.232	1	13.406	0	9.942	1	0.232	1	132.00	12.35
358.1	111.94	-3.71	0.305	1	13.589	0	10.078	1	0.305	1	132.00	12.35
358.2	111.94	-3.52	0.387	1	13.772	0	10.217	1	0.387	1	132.00	12.35
358.3	111.95	-3.32	0.477	1	13.956	0	10.356	1	0.477	1	132.00	12.35
358.4	111.96	-3.13	0.574	1	14.139	0	10.498	1	0.574	1	132.00	12.35
358.5	111.96	-2.93	0.678	1	14.323	0	10.640	1	0.678	1	132.00	12.35
358.6	111.97	-2.74	0.789	1	14.507	0	10.784	1	0.789	1	132.00	12.35
358.7	111.97	-2.54	0.830	1	14.691	0	10.929	1	0.830	1	132.00	12.35
358.8	111.98	-2.35	0.717	1	14.876	0	11.076	1	0.717	1	132.00	12.35
358.9	111.98	-2.15	0.611	1	15.060	0	11.223	1	0.611	1	132.00	12.35
359.0	111.98	-1.95	0.511	1	15.245	0	11.372	1	0.511	1	132.25	12.78
359.1	111.99	-1.76	0.419	1	15.430	0	11.522	1	0.419	1	132.25	12.78
359.2	111.99	-1.56	0.335	1	15.615	0	11.673	1	0.335	1	132.25	12.78
359.3	111.99	-1.37	0.259	1	15.800	0	11.825	1	0.259	1	132.25	12.78
359.4	111.99	-1.17	0.192	1	15.985	0	11.978	1	0.192	1	132.25	12.78
359.5	112.00	-0.98	0.134	1	16.170	0	12.132	1	0.134	1	132.25	12.78
359.6	112.00	-0.78	0.087	1	16.356	0	12.287	1	0.087	1	132.25	12.78
359.7	112.00	-0.59	0.049	1	16.541	0	12.442	1	0.049	1	132.25	12.78
359.8	112.00	-0.39	0.022	1	16.727	0	12.599	1	0.022	1	132.25	12.78
359.9	112.00	-0.20	0.005	1	16.913	0	12.756	1	0.005	1	132.25	12.78
